disease_id,hpo_id,disease_name,hpo_name,is_do
DOID:0050156,HP:0000006,"idiopathic pulmonary fibrosis","Autosomal dominant inheritance",1
DOID:0050156,HP:0001394,"idiopathic pulmonary fibrosis",Cirrhosis,1
DOID:0050156,HP:0002090,"idiopathic pulmonary fibrosis",Pneumonia,1
DOID:0050156,HP:0002092,"idiopathic pulmonary fibrosis","Pulmonary arterial hypertension",1
DOID:0050156,HP:0002206,"idiopathic pulmonary fibrosis","Pulmonary fibrosis",1
DOID:0050156,HP:0002875,"idiopathic pulmonary fibrosis","Exertional dyspnea",1
DOID:0050156,HP:0006519,"idiopathic pulmonary fibrosis","Alveolar cell carcinoma",1
DOID:0050156,HP:0010702,"idiopathic pulmonary fibrosis","Increased antibody level in blood",1
DOID:0050156,HP:0100759,"idiopathic pulmonary fibrosis","Clubbing of fingers",1
DOID:0050158,HP:0000007,"desquamative interstitial pneumonia","Autosomal recessive inheritance",1
DOID:0050158,HP:0000961,"desquamative interstitial pneumonia",Cyanosis,1
DOID:0050158,HP:0001508,"desquamative interstitial pneumonia","Failure to thrive",1
DOID:0050158,HP:0001648,"desquamative interstitial pneumonia","Cor pulmonale",1
DOID:0050158,HP:0001939,"desquamative interstitial pneumonia","Abnormality of metabolism/homeostasis",1
DOID:0050158,HP:0002098,"desquamative interstitial pneumonia","Respiratory distress",1
DOID:0050158,HP:0002788,"desquamative interstitial pneumonia","Recurrent upper respiratory tract infections",1
DOID:0050158,HP:0002789,"desquamative interstitial pneumonia",Tachypnea,1
DOID:0050158,HP:0002878,"desquamative interstitial pneumonia","Respiratory failure",1
DOID:0050158,HP:0003593,"desquamative interstitial pneumonia","Infantile onset",1
DOID:0050158,HP:0005576,"desquamative interstitial pneumonia","Tubulointerstitial fibrosis",1
DOID:0050158,HP:0005942,"desquamative interstitial pneumonia","Desquamative interstitial pneumonitis",1
DOID:0050158,HP:0006515,"desquamative interstitial pneumonia","Interstitial pneumonitis",1
DOID:0050158,HP:0012735,"desquamative interstitial pneumonia",Cough,1
DOID:0050167,HP:0000006,"autoimmune polyendocrine syndrome type 1","Autosomal dominant inheritance",1
DOID:0050167,HP:0000007,"autoimmune polyendocrine syndrome type 1","Autosomal recessive inheritance",1
DOID:0050167,HP:0000134,"autoimmune polyendocrine syndrome type 1","Female hypogonadism",1
DOID:0050167,HP:0000580,"autoimmune polyendocrine syndrome type 1","Pigmentary retinopathy",1
DOID:0050167,HP:0000819,"autoimmune polyendocrine syndrome type 1","Diabetes mellitus",1
DOID:0050167,HP:0000829,"autoimmune polyendocrine syndrome type 1",Hypoparathyroidism,1
DOID:0050167,HP:0001045,"autoimmune polyendocrine syndrome type 1",Vitiligo,1
DOID:0050167,HP:0001081,"autoimmune polyendocrine syndrome type 1",Cholelithiasis,1
DOID:0050167,HP:0001096,"autoimmune polyendocrine syndrome type 1",Keratoconjunctivitis,1
DOID:0050167,HP:0001133,"autoimmune polyendocrine syndrome type 1","Constriction of peripheral visual field",1
DOID:0050167,HP:0001596,"autoimmune polyendocrine syndrome type 1",Alopecia,1
DOID:0050167,HP:0001746,"autoimmune polyendocrine syndrome type 1",Asplenia,1
DOID:0050167,HP:0001903,"autoimmune polyendocrine syndrome type 1",Anemia,1
DOID:0050167,HP:0002014,"autoimmune polyendocrine syndrome type 1",Diarrhea,1
DOID:0050167,HP:0002024,"autoimmune polyendocrine syndrome type 1",Malabsorption,1
DOID:0050167,HP:0002582,"autoimmune polyendocrine syndrome type 1","Chronic atrophic gastritis",1
DOID:0050167,HP:0002728,"autoimmune polyendocrine syndrome type 1","Chronic mucocutaneous candidiasis",1
DOID:0050167,HP:0003621,"autoimmune polyendocrine syndrome type 1","Juvenile onset",1
DOID:0050167,HP:0004319,"autoimmune polyendocrine syndrome type 1","Decreased circulating aldosterone level",1
DOID:0050167,HP:0006297,"autoimmune polyendocrine syndrome type 1","Hypoplasia of dental enamel",1
DOID:0050167,HP:0007663,"autoimmune polyendocrine syndrome type 1","Reduced visual acuity",1
DOID:0050167,HP:0100651,"autoimmune polyendocrine syndrome type 1","Type I diabetes mellitus",1
DOID:0050167,HP:0200120,"autoimmune polyendocrine syndrome type 1","Chronic active hepatitis",1
DOID:0050168,HP:0000518,"autoimmune polyendocrine syndrome type 2",Cataract,1
DOID:0050168,HP:0000585,"autoimmune polyendocrine syndrome type 2","Band keratopathy",1
DOID:0050168,HP:0000821,"autoimmune polyendocrine syndrome type 2",Hypothyroidism,1
DOID:0050168,HP:0000836,"autoimmune polyendocrine syndrome type 2",Hyperthyroidism,1
DOID:0050168,HP:0001096,"autoimmune polyendocrine syndrome type 2",Keratoconjunctivitis,1
DOID:0050168,HP:0001250,"autoimmune polyendocrine syndrome type 2",Seizures,1
DOID:0050168,HP:0001281,"autoimmune polyendocrine syndrome type 2",Tetany,1
DOID:0050168,HP:0001394,"autoimmune polyendocrine syndrome type 2",Cirrhosis,1
DOID:0050168,HP:0001596,"autoimmune polyendocrine syndrome type 2",Alopecia,1
DOID:0050168,HP:0001738,"autoimmune polyendocrine syndrome type 2","Exocrine pancreatic insufficiency",1
DOID:0050168,HP:0001746,"autoimmune polyendocrine syndrome type 2",Asplenia,1
DOID:0050168,HP:0001891,"autoimmune polyendocrine syndrome type 2","Iron deficiency anemia",1
DOID:0050168,HP:0002086,"autoimmune polyendocrine syndrome type 2","Abnormality of the respiratory system",1
DOID:0050168,HP:0002570,"autoimmune polyendocrine syndrome type 2",Steatorrhea,1
DOID:0050168,HP:0002728,"autoimmune polyendocrine syndrome type 2","Chronic mucocutaneous candidiasis",1
DOID:0050168,HP:0005978,"autoimmune polyendocrine syndrome type 2","Type II diabetes mellitus",1
DOID:0050168,HP:0008207,"autoimmune polyendocrine syndrome type 2","Primary adrenal insufficiency",1
DOID:0050168,HP:0100522,"autoimmune polyendocrine syndrome type 2",Thymoma,1
DOID:0050168,HP:0200123,"autoimmune polyendocrine syndrome type 2","Chronic hepatitis",1
DOID:0050214,HP:0000217,"Lambert-Eaton myasthenic syndrome",Xerostomia,1
DOID:0050214,HP:0000802,"Lambert-Eaton myasthenic syndrome",Impotence,1
DOID:0050214,HP:0000966,"Lambert-Eaton myasthenic syndrome",Hypohidrosis,1
DOID:0050214,HP:0001097,"Lambert-Eaton myasthenic syndrome","Keratoconjunctivitis sicca",1
DOID:0050214,HP:0001315,"Lambert-Eaton myasthenic syndrome","Reduced tendon reflexes",1
DOID:0050214,HP:0002019,"Lambert-Eaton myasthenic syndrome",Constipation,1
DOID:0050214,HP:0002459,"Lambert-Eaton myasthenic syndrome",Dysautonomia,1
DOID:0050214,HP:0002483,"Lambert-Eaton myasthenic syndrome","Bulbar signs",1
DOID:0050214,HP:0003403,"Lambert-Eaton myasthenic syndrome","EMG: decremental response of compound muscle action potential to repetitive nerve stimulation",1
DOID:0050214,HP:0004926,"Lambert-Eaton myasthenic syndrome","Orthostatic hypotension due to autonomic dysfunction",1
DOID:0050214,HP:0009073,"Lambert-Eaton myasthenic syndrome","Progressive proximal muscle weakness",1
DOID:0050214,HP:0030000,"Lambert-Eaton myasthenic syndrome","EMG: repetitive nerve stimulation abnormality",1
DOID:0050214,HP:0030209,"Lambert-Eaton myasthenic syndrome","Calcium channel antibody positivity",1
DOID:0050214,HP:0030357,"Lambert-Eaton myasthenic syndrome","Small cell lung carcinoma",1
DOID:0050331,HP:0000006,"LADD syndrome","Autosomal dominant inheritance",1
DOID:0050331,HP:0000104,"LADD syndrome","Renal agenesis",1
DOID:0050331,HP:0000198,"LADD syndrome","Absence of Stensen duct",1
DOID:0050331,HP:0000217,"LADD syndrome",Xerostomia,1
DOID:0050331,HP:0000316,"LADD syndrome",Hypertelorism,1
DOID:0050331,HP:0000337,"LADD syndrome","Broad forehead",1
DOID:0050331,HP:0000378,"LADD syndrome","Cupped ear",1
DOID:0050331,HP:0000410,"LADD syndrome","Mixed hearing impairment",1
DOID:0050331,HP:0000494,"LADD syndrome","Downslanted palpebral fissures",1
DOID:0050331,HP:0000495,"LADD syndrome","Recurrent corneal erosions",1
DOID:0050331,HP:0000506,"LADD syndrome",Telecanthus,1
DOID:0050331,HP:0000522,"LADD syndrome",Alacrima,1
DOID:0050331,HP:0000579,"LADD syndrome","Nasolacrimal duct obstruction",1
DOID:0050331,HP:0000620,"LADD syndrome",Dacryocystitis,1
DOID:0050331,HP:0000629,"LADD syndrome","Periorbital fullness",1
DOID:0050331,HP:0000668,"LADD syndrome",Hypodontia,1
DOID:0050331,HP:0000670,"LADD syndrome","Carious teeth",1
DOID:0050331,HP:0000680,"LADD syndrome","Delayed eruption of primary teeth",1
DOID:0050331,HP:0000974,"LADD syndrome","Hyperextensible skin",1
DOID:0050331,HP:0001092,"LADD syndrome","Absent lacrimal punctum",1
DOID:0050331,HP:0001233,"LADD syndrome","2-3 finger syndactyly",1
DOID:0050331,HP:0001245,"LADD syndrome","Small thenar eminence",1
DOID:0050331,HP:0002984,"LADD syndrome","Hypoplasia of the radius",1
DOID:0050331,HP:0003022,"LADD syndrome","Hypoplasia of the ulna",1
DOID:0050331,HP:0003974,"LADD syndrome","Absent radius",1
DOID:0050331,HP:0004209,"LADD syndrome","Clinodactyly of the 5th finger",1
DOID:0050331,HP:0005707,"LADD syndrome","Bilateral triphalangeal thumbs",1
DOID:0050331,HP:0006297,"LADD syndrome","Hypoplasia of dental enamel",1
DOID:0050331,HP:0007656,"LADD syndrome","Lacrimal gland aplasia",1
DOID:0050331,HP:0007732,"LADD syndrome","Lacrimal gland hypoplasia",1
DOID:0050331,HP:0007892,"LADD syndrome","Hypoplasia of the lacrimal punctum",1
DOID:0050331,HP:0007900,"LADD syndrome","Hypoplastic lacrimal duct",1
DOID:0050331,HP:0008743,"LADD syndrome","Coronal hypospadias",1
DOID:0050331,HP:0009462,"LADD syndrome","Radial deviation of the 3rd finger",1
DOID:0050331,HP:0009637,"LADD syndrome","Absent proximal phalanx of thumb",1
DOID:0050331,HP:0009740,"LADD syndrome","Aplasia of the parotid gland",1
DOID:0050331,HP:0009741,"LADD syndrome",Nephrosclerosis,1
DOID:0050331,HP:0009944,"LADD syndrome","Partial duplication of thumb phalanx",1
DOID:0050331,HP:0010055,"LADD syndrome","Broad hallux",1
DOID:0050331,HP:0011065,"LADD syndrome","Conical incisor",1
DOID:0050331,HP:0100258,"LADD syndrome","Preaxial polydactyly",1
DOID:0050331,HP:0100583,"LADD syndrome","Corneal perforation",1
DOID:0050332,HP:0000007,"enlarged vestibular aqueduct","Autosomal recessive inheritance",1
DOID:0050332,HP:0000376,"enlarged vestibular aqueduct","Incomplete partition of the cochlea type II",1
DOID:0050332,HP:0000407,"enlarged vestibular aqueduct","Sensorineural hearing impairment",1
DOID:0050332,HP:0011387,"enlarged vestibular aqueduct","Enlarged vestibular aqueduct",1
DOID:0050335,HP:0030511,bradyopsia,Bradyopsia,1
DOID:0050387,HP:0003745,"nonpapillary renal cell carcinoma",Sporadic,1
DOID:0050387,HP:0005584,"nonpapillary renal cell carcinoma","Renal cell carcinoma",1
DOID:0050419,HP:0000007,"complement factor I deficiency","Autosomal recessive inheritance",1
DOID:0050419,HP:0000010,"complement factor I deficiency","Recurrent urinary tract infections",1
DOID:0050419,HP:0000083,"complement factor I deficiency","Renal insufficiency",1
DOID:0050419,HP:0000099,"complement factor I deficiency",Glomerulonephritis,1
DOID:0050419,HP:0000403,"complement factor I deficiency","Recurrent otitis media",1
DOID:0050419,HP:0001369,"complement factor I deficiency",Arthritis,1
DOID:0050419,HP:0001581,"complement factor I deficiency","Recurrent skin infections",1
DOID:0050419,HP:0002633,"complement factor I deficiency",Vasculitis,1
DOID:0050419,HP:0003621,"complement factor I deficiency","Juvenile onset",1
DOID:0050419,HP:0005356,"complement factor I deficiency","Decreased serum complement factor I",1
DOID:0050419,HP:0005366,"complement factor I deficiency","Recurrent streptococcus pneumoniae infections",1
DOID:0050419,HP:0005369,"complement factor I deficiency","Decreased serum complement factor H",1
DOID:0050419,HP:0005376,"complement factor I deficiency","Recurrent Haemophilus influenzae infections",1
DOID:0050419,HP:0005381,"complement factor I deficiency","Recurrent meningococcal disease",1
DOID:0050419,HP:0005416,"complement factor I deficiency","Decreased serum complement factor B",1
DOID:0050419,HP:0005421,"complement factor I deficiency","Decreased serum complement C3",1
DOID:0050419,HP:0006946,"complement factor I deficiency","Recurrent meningitis",1
DOID:0050419,HP:0011108,"complement factor I deficiency","Recurrent sinusitis",1
DOID:0050419,HP:0012330,"complement factor I deficiency",Pyelonephritis,1
DOID:0050424,HP:0000006,"familial adenomatous polyposis","Autosomal dominant inheritance",1
DOID:0050424,HP:0000007,"familial adenomatous polyposis","Autosomal recessive inheritance",1
DOID:0050424,HP:0000670,"familial adenomatous polyposis","Carious teeth",1
DOID:0050424,HP:0000706,"familial adenomatous polyposis","Unerupted tooth",1
DOID:0050424,HP:0000953,"familial adenomatous polyposis","Hyperpigmentation of the skin",1
DOID:0050424,HP:0001012,"familial adenomatous polyposis","Multiple lipomas",1
DOID:0050424,HP:0002884,"familial adenomatous polyposis",Hepatoblastoma,1
DOID:0050424,HP:0002885,"familial adenomatous polyposis",Medulloblastoma,1
DOID:0050424,HP:0002895,"familial adenomatous polyposis","Papillary thyroid carcinoma",1
DOID:0050424,HP:0003003,"familial adenomatous polyposis","Colon cancer",1
DOID:0050424,HP:0003828,"familial adenomatous polyposis","Variable expressivity",1
DOID:0050424,HP:0004394,"familial adenomatous polyposis","Multiple gastric polyps",1
DOID:0050424,HP:0004783,"familial adenomatous polyposis","Duodenal polyposis",1
DOID:0050424,HP:0005227,"familial adenomatous polyposis","Adenomatous colonic polyposis",1
DOID:0050424,HP:0006722,"familial adenomatous polyposis","Small intestine carcinoid",1
DOID:0050424,HP:0006744,"familial adenomatous polyposis","Adrenocortical carcinoma",1
DOID:0050424,HP:0006771,"familial adenomatous polyposis","Duodenal adenocarcinoma",1
DOID:0050424,HP:0007649,"familial adenomatous polyposis","Congenital hypertrophy of retinal pigment epithelium",1
DOID:0050424,HP:0008256,"familial adenomatous polyposis","Adrenocortical adenoma",1
DOID:0050424,HP:0009592,"familial adenomatous polyposis",Astrocytoma,1
DOID:0050424,HP:0010562,"familial adenomatous polyposis",Keloids,1
DOID:0050424,HP:0010619,"familial adenomatous polyposis","Fibroadenoma of the breast",1
DOID:0050424,HP:0011068,"familial adenomatous polyposis",Odontoma,1
DOID:0050424,HP:0011069,"familial adenomatous polyposis","Increased number of teeth",1
DOID:0050424,HP:0100245,"familial adenomatous polyposis","Desmoid tumors",1
DOID:0050424,HP:0100246,"familial adenomatous polyposis",Osteoma,1
DOID:0050424,HP:0200040,"familial adenomatous polyposis","Epidermoid cyst",1
DOID:0050426,HP:0000083,"Stevens-Johnson syndrome","Renal insufficiency",1
DOID:0050426,HP:0000505,"Stevens-Johnson syndrome","Visual impairment",1
DOID:0050426,HP:0000509,"Stevens-Johnson syndrome",Conjunctivitis,1
DOID:0050426,HP:0000613,"Stevens-Johnson syndrome",Photophobia,1
DOID:0050426,HP:0000621,"Stevens-Johnson syndrome",Entropion,1
DOID:0050426,HP:0000795,"Stevens-Johnson syndrome","Abnormality of the urethra",1
DOID:0050426,HP:0001637,"Stevens-Johnson syndrome","Abnormal myocardium morphology",1
DOID:0050426,HP:0001645,"Stevens-Johnson syndrome","Sudden cardiac death",1
DOID:0050426,HP:0001658,"Stevens-Johnson syndrome","Myocardial infarction",1
DOID:0050426,HP:0001733,"Stevens-Johnson syndrome",Pancreatitis,1
DOID:0050426,HP:0001824,"Stevens-Johnson syndrome","Weight loss",1
DOID:0050426,HP:0001873,"Stevens-Johnson syndrome",Thrombocytopenia,1
DOID:0050426,HP:0001874,"Stevens-Johnson syndrome","Abnormality of neutrophils",1
DOID:0050426,HP:0001903,"Stevens-Johnson syndrome",Anemia,1
DOID:0050426,HP:0001945,"Stevens-Johnson syndrome",Fever,1
DOID:0050426,HP:0001960,"Stevens-Johnson syndrome","Hypokalemic metabolic alkalosis",1
DOID:0050426,HP:0002014,"Stevens-Johnson syndrome",Diarrhea,1
DOID:0050426,HP:0002015,"Stevens-Johnson syndrome",Dysphagia,1
DOID:0050426,HP:0002017,"Stevens-Johnson syndrome","Nausea and vomiting",1
DOID:0050426,HP:0002027,"Stevens-Johnson syndrome","Abdominal pain",1
DOID:0050426,HP:0002043,"Stevens-Johnson syndrome","Esophageal stricture",1
DOID:0050426,HP:0002091,"Stevens-Johnson syndrome","Restrictive ventilatory defect",1
DOID:0050426,HP:0002094,"Stevens-Johnson syndrome",Dyspnea,1
DOID:0050426,HP:0002103,"Stevens-Johnson syndrome","Abnormality of the pleura",1
DOID:0050426,HP:0002205,"Stevens-Johnson syndrome","Recurrent respiratory infections",1
DOID:0050426,HP:0002239,"Stevens-Johnson syndrome","Gastrointestinal hemorrhage",1
DOID:0050426,HP:0002910,"Stevens-Johnson syndrome","Elevated hepatic transaminases",1
DOID:0050426,HP:0003781,"Stevens-Johnson syndrome","Excessive salivation",1
DOID:0050426,HP:0006554,"Stevens-Johnson syndrome","Acute hepatic failure",1
DOID:0050426,HP:0008066,"Stevens-Johnson syndrome","Abnormal blistering of the skin",1
DOID:0050426,HP:0010783,"Stevens-Johnson syndrome",Erythema,1
DOID:0050426,HP:0012378,"Stevens-Johnson syndrome",Fatigue,1
DOID:0050426,HP:0012733,"Stevens-Johnson syndrome",Macule,1
DOID:0050426,HP:0012735,"Stevens-Johnson syndrome",Cough,1
DOID:0050426,HP:0030016,"Stevens-Johnson syndrome",Dyspareunia,1
DOID:0050426,HP:0100518,"Stevens-Johnson syndrome",Dysuria,1
DOID:0050426,HP:0100792,"Stevens-Johnson syndrome",Acantholysis,1
DOID:0050426,HP:0100806,"Stevens-Johnson syndrome",Sepsis,1
DOID:0050426,HP:0200020,"Stevens-Johnson syndrome","Corneal erosion",1
DOID:0050428,HP:0000006,"nonepidermolytic palmoplantar keratoderma","Autosomal dominant inheritance",1
DOID:0050428,HP:0000982,"nonepidermolytic palmoplantar keratoderma","Palmoplantar keratoderma",1
DOID:0050428,HP:0007404,"nonepidermolytic palmoplantar keratoderma","Nonepidermolytic palmoplantar keratoderma",1
DOID:0050428,HP:0025092,"nonepidermolytic palmoplantar keratoderma","Epidermal acanthosis@en",1
DOID:0050429,HP:0000006,"Hailey-Hailey disease","Autosomal dominant inheritance",1
DOID:0050429,HP:0010783,"Hailey-Hailey disease",Erythema,1
DOID:0050430,HP:0000006,"multiple endocrine neoplasia type 2A","Autosomal dominant inheritance",1
DOID:0050430,HP:0000822,"multiple endocrine neoplasia type 2A",Hypertension,1
DOID:0050430,HP:0000843,"multiple endocrine neoplasia type 2A",Hyperparathyroidism,1
DOID:0050430,HP:0001574,"multiple endocrine neoplasia type 2A","Abnormality of the integument",1
DOID:0050430,HP:0002251,"multiple endocrine neoplasia type 2A","Aganglionic megacolon",1
DOID:0050430,HP:0002666,"multiple endocrine neoplasia type 2A",Pheochromocytoma,1
DOID:0050430,HP:0002865,"multiple endocrine neoplasia type 2A","Medullary thyroid carcinoma",1
DOID:0050430,HP:0002897,"multiple endocrine neoplasia type 2A","Parathyroid adenoma",1
DOID:0050430,HP:0003118,"multiple endocrine neoplasia type 2A","Increased circulating cortisol level",1
DOID:0050430,HP:0003528,"multiple endocrine neoplasia type 2A","Elevated calcitonin",1
DOID:0050430,HP:0003639,"multiple endocrine neoplasia type 2A","Elevated urinary epinephrine",1
DOID:0050433,HP:0000006,"fatal familial insomnia","Autosomal dominant inheritance",1
DOID:0050433,HP:0000016,"fatal familial insomnia","Urinary retention",1
DOID:0050433,HP:0000651,"fatal familial insomnia",Diplopia,1
DOID:0050433,HP:0000726,"fatal familial insomnia",Dementia,1
DOID:0050433,HP:0000975,"fatal familial insomnia",Hyperhidrosis,1
DOID:0050433,HP:0001251,"fatal familial insomnia",Ataxia,1
DOID:0050433,HP:0001260,"fatal familial insomnia",Dysarthria,1
DOID:0050433,HP:0001336,"fatal familial insomnia",Myoclonus,1
DOID:0050433,HP:0001824,"fatal familial insomnia","Weight loss",1
DOID:0050433,HP:0001945,"fatal familial insomnia",Fever,1
DOID:0050433,HP:0002015,"fatal familial insomnia",Dysphagia,1
DOID:0050433,HP:0002019,"fatal familial insomnia",Constipation,1
DOID:0050433,HP:0002104,"fatal familial insomnia",Apnea,1
DOID:0050433,HP:0002459,"fatal familial insomnia",Dysautonomia,1
DOID:0050433,HP:0002529,"fatal familial insomnia","Neuronal loss in central nervous system",1
DOID:0050433,HP:0003581,"fatal familial insomnia","Adult onset",1
DOID:0050433,HP:0011463,"fatal familial insomnia","Childhood onset",1
DOID:0050433,HP:0100785,"fatal familial insomnia",Insomnia,1
DOID:0050434,HP:0000006,"Andersen-Tawil syndrome","Autosomal dominant inheritance",1
DOID:0050434,HP:0000175,"Andersen-Tawil syndrome","Cleft palate",1
DOID:0050434,HP:0000218,"Andersen-Tawil syndrome","High palate",1
DOID:0050434,HP:0000219,"Andersen-Tawil syndrome","Thin upper lip vermilion",1
DOID:0050434,HP:0000252,"Andersen-Tawil syndrome",Microcephaly,1
DOID:0050434,HP:0000272,"Andersen-Tawil syndrome","Malar flattening",1
DOID:0050434,HP:0000316,"Andersen-Tawil syndrome",Hypertelorism,1
DOID:0050434,HP:0000324,"Andersen-Tawil syndrome","Facial asymmetry",1
DOID:0050434,HP:0000325,"Andersen-Tawil syndrome","Triangular face",1
DOID:0050434,HP:0000327,"Andersen-Tawil syndrome","Hypoplasia of the maxilla",1
DOID:0050434,HP:0000337,"Andersen-Tawil syndrome","Broad forehead",1
DOID:0050434,HP:0000369,"Andersen-Tawil syndrome","Low-set ears",1
DOID:0050434,HP:0000414,"Andersen-Tawil syndrome","Bulbous nose",1
DOID:0050434,HP:0000581,"Andersen-Tawil syndrome",Blepharophimosis,1
DOID:0050434,HP:0000677,"Andersen-Tawil syndrome",Oligodontia,1
DOID:0050434,HP:0000696,"Andersen-Tawil syndrome","Delayed eruption of permanent teeth",1
DOID:0050434,HP:0000716,"Andersen-Tawil syndrome",Depressivity,1
DOID:0050434,HP:0001156,"Andersen-Tawil syndrome",Brachydactyly,1
DOID:0050434,HP:0001279,"Andersen-Tawil syndrome",Syncope,1
DOID:0050434,HP:0001328,"Andersen-Tawil syndrome","Specific learning disability",1
DOID:0050434,HP:0001388,"Andersen-Tawil syndrome","Joint laxity",1
DOID:0050434,HP:0001507,"Andersen-Tawil syndrome","Growth abnormality",1
DOID:0050434,HP:0001657,"Andersen-Tawil syndrome","Prolonged QT interval",1
DOID:0050434,HP:0001770,"Andersen-Tawil syndrome","Toe syndactyly",1
DOID:0050434,HP:0001773,"Andersen-Tawil syndrome","Short foot",1
DOID:0050434,HP:0001864,"Andersen-Tawil syndrome","Clinodactyly of the 5th toe",1
DOID:0050434,HP:0001962,"Andersen-Tawil syndrome",Palpitations,1
DOID:0050434,HP:0002650,"Andersen-Tawil syndrome",Scoliosis,1
DOID:0050434,HP:0002750,"Andersen-Tawil syndrome","Delayed skeletal maturation",1
DOID:0050434,HP:0003100,"Andersen-Tawil syndrome","Slender long bone",1
DOID:0050434,HP:0003691,"Andersen-Tawil syndrome","Scapular winging",1
DOID:0050434,HP:0003778,"Andersen-Tawil syndrome","Short mandibular rami",1
DOID:0050434,HP:0003779,"Andersen-Tawil syndrome","Antegonial notching of mandible",1
DOID:0050434,HP:0004209,"Andersen-Tawil syndrome","Clinodactyly of the 5th finger",1
DOID:0050434,HP:0004279,"Andersen-Tawil syndrome","Short palm",1
DOID:0050434,HP:0004467,"Andersen-Tawil syndrome","Preauricular pit",1
DOID:0050434,HP:0005147,"Andersen-Tawil syndrome","Bidirectional ventricular ectopy",1
DOID:0050434,HP:0005478,"Andersen-Tawil syndrome","Prominent frontal sinuses",1
DOID:0050434,HP:0006297,"Andersen-Tawil syndrome","Hypoplasia of dental enamel",1
DOID:0050434,HP:0006335,"Andersen-Tawil syndrome","Persistence of primary teeth",1
DOID:0050434,HP:0008153,"Andersen-Tawil syndrome","Periodic hypokalemic paresis",1
DOID:0050434,HP:0009803,"Andersen-Tawil syndrome","Short phalanx of finger",1
DOID:0050434,HP:0010049,"Andersen-Tawil syndrome","Short metacarpal",1
DOID:0050434,HP:0010743,"Andersen-Tawil syndrome","Short metatarsal",1
DOID:0050434,HP:0012745,"Andersen-Tawil syndrome","Short palpebral fissure",1
DOID:0050434,HP:0025072,"Andersen-Tawil syndrome","Prominent U wave@en",1
DOID:0050434,HP:0200055,"Andersen-Tawil syndrome","Small hand",1
DOID:0050436,HP:0000007,"mulibrey nanism","Autosomal recessive inheritance",1
DOID:0050436,HP:0000171,"mulibrey nanism",Microglossia,1
DOID:0050436,HP:0000268,"mulibrey nanism",Dolichocephaly,1
DOID:0050436,HP:0000316,"mulibrey nanism",Hypertelorism,1
DOID:0050436,HP:0000325,"mulibrey nanism","Triangular face",1
DOID:0050436,HP:0000431,"mulibrey nanism","Wide nasal bridge",1
DOID:0050436,HP:0000483,"mulibrey nanism",Astigmatism,1
DOID:0050436,HP:0000486,"mulibrey nanism",Strabismus,1
DOID:0050436,HP:0000580,"mulibrey nanism","Pigmentary retinopathy",1
DOID:0050436,HP:0000668,"mulibrey nanism",Hypodontia,1
DOID:0050436,HP:0000678,"mulibrey nanism","Dental crowding",1
DOID:0050436,HP:0001252,"mulibrey nanism","Muscular hypotonia",1
DOID:0050436,HP:0001260,"mulibrey nanism",Dysarthria,1
DOID:0050436,HP:0001620,"mulibrey nanism","High pitched voice",1
DOID:0050436,HP:0001621,"mulibrey nanism","Weak voice",1
DOID:0050436,HP:0001635,"mulibrey nanism","Congestive heart failure",1
DOID:0050436,HP:0001685,"mulibrey nanism","Myocardial fibrosis",1
DOID:0050436,HP:0002007,"mulibrey nanism","Frontal bossing",1
DOID:0050436,HP:0002119,"mulibrey nanism",Ventriculomegaly,1
DOID:0050436,HP:0002240,"mulibrey nanism",Hepatomegaly,1
DOID:0050436,HP:0002667,"mulibrey nanism",Nephroblastoma,1
DOID:0050436,HP:0002680,"mulibrey nanism","J-shaped sella turcica",1
DOID:0050436,HP:0002688,"mulibrey nanism","Absent frontal sinuses",1
DOID:0050436,HP:0002738,"mulibrey nanism","Hypoplastic frontal sinuses",1
DOID:0050436,HP:0003764,"mulibrey nanism",Nevus,1
DOID:0050436,HP:0004322,"mulibrey nanism","Short stature",1
DOID:0050436,HP:0005132,"mulibrey nanism","Pericardial constriction",1
DOID:0050436,HP:0005280,"mulibrey nanism","Depressed nasal bridge",1
DOID:0050437,HP:0000505,"Danon disease","Visual impairment",1
DOID:0050437,HP:0001249,"Danon disease","Intellectual disability",1
DOID:0050437,HP:0001263,"Danon disease","Global developmental delay",1
DOID:0050437,HP:0001423,"Danon disease","X-linked dominant inheritance",1
DOID:0050437,HP:0001639,"Danon disease","Hypertrophic cardiomyopathy",1
DOID:0050437,HP:0001640,"Danon disease",Cardiomegaly,1
DOID:0050437,HP:0001644,"Danon disease","Dilated cardiomyopathy",1
DOID:0050437,HP:0001685,"Danon disease","Myocardial fibrosis",1
DOID:0050437,HP:0001700,"Danon disease","Myocardial necrosis",1
DOID:0050437,HP:0001716,"Danon disease","Wolff-Parkinson-White syndrome",1
DOID:0050437,HP:0001761,"Danon disease","Pes cavus",1
DOID:0050437,HP:0002375,"Danon disease",Hypokinesia,1
DOID:0050437,HP:0003236,"Danon disease","Elevated serum creatine phosphokinase",1
DOID:0050437,HP:0003458,"Danon disease","EMG: myopathic abnormalities",1
DOID:0050437,HP:0003546,"Danon disease","Exercise intolerance",1
DOID:0050437,HP:0003700,"Danon disease","Generalized amyotrophy",1
DOID:0050437,HP:0003701,"Danon disease","Proximal muscle weakness",1
DOID:0050437,HP:0003710,"Danon disease","Exercise-induced muscle cramps",1
DOID:0050437,HP:0003812,"Danon disease","Phenotypic variability",1
DOID:0050437,HP:0011675,"Danon disease",Arrhythmia,1
DOID:0050437,HP:0100543,"Danon disease","Cognitive impairment",1
DOID:0050438,HP:0000006,"Frasier syndrome","Autosomal dominant inheritance",1
DOID:0050438,HP:0000037,"Frasier syndrome","Male pseudohermaphroditism",1
DOID:0050438,HP:0000097,"Frasier syndrome","Focal segmental glomerulosclerosis",1
DOID:0050438,HP:0000100,"Frasier syndrome","Nephrotic syndrome",1
DOID:0050438,HP:0000133,"Frasier syndrome","Gonadal dysgenesis",1
DOID:0050438,HP:0000149,"Frasier syndrome","Ovarian gonadoblastoma",1
DOID:0050438,HP:0000786,"Frasier syndrome","Primary amenorrhea",1
DOID:0050438,HP:0001428,"Frasier syndrome","Somatic mutation",1
DOID:0050438,HP:0003774,"Frasier syndrome","Stage 5 chronic kidney disease",1
DOID:0050439,HP:0000144,"Usher syndrome","Decreased fertility",1
DOID:0050439,HP:0000360,"Usher syndrome",Tinnitus,1
DOID:0050439,HP:0000407,"Usher syndrome","Sensorineural hearing impairment",1
DOID:0050439,HP:0000483,"Usher syndrome",Astigmatism,1
DOID:0050439,HP:0000512,"Usher syndrome","Abnormal electroretinogram",1
DOID:0050439,HP:0000518,"Usher syndrome",Cataract,1
DOID:0050439,HP:0000529,"Usher syndrome","Progressive visual loss",1
DOID:0050439,HP:0000545,"Usher syndrome",Myopia,1
DOID:0050439,HP:0000618,"Usher syndrome",Blindness,1
DOID:0050439,HP:0000639,"Usher syndrome",Nystagmus,1
DOID:0050439,HP:0000662,"Usher syndrome",Nyctalopia,1
DOID:0050439,HP:0000670,"Usher syndrome","Carious teeth",1
DOID:0050439,HP:0000682,"Usher syndrome","Abnormality of dental enamel",1
DOID:0050439,HP:0000691,"Usher syndrome",Microdontia,1
DOID:0050439,HP:0000709,"Usher syndrome",Psychosis,1
DOID:0050439,HP:0000716,"Usher syndrome",Depressivity,1
DOID:0050439,HP:0000738,"Usher syndrome",Hallucinations,1
DOID:0050439,HP:0000739,"Usher syndrome",Anxiety,1
DOID:0050439,HP:0001123,"Usher syndrome","Visual field defect",1
DOID:0050439,HP:0001251,"Usher syndrome",Ataxia,1
DOID:0050439,HP:0001639,"Usher syndrome","Hypertrophic cardiomyopathy",1
DOID:0050439,HP:0002120,"Usher syndrome","Cerebral cortical atrophy",1
DOID:0050439,HP:0003198,"Usher syndrome",Myopathy,1
DOID:0050439,HP:0003457,"Usher syndrome","EMG abnormality",1
DOID:0050439,HP:0007360,"Usher syndrome","Aplasia/Hypoplasia of the cerebellum",1
DOID:0050439,HP:0007703,"Usher syndrome","Abnormality of retinal pigmentation",1
DOID:0050439,HP:0008499,"Usher syndrome","High hypermetropia",1
DOID:0050439,HP:0008568,"Usher syndrome","Vestibular areflexia",1
DOID:0050439,HP:0010780,"Usher syndrome",Hyperacusis,1
DOID:0050439,HP:0011025,"Usher syndrome","Abnormality of cardiovascular system physiology",1
DOID:0050439,HP:0011073,"Usher syndrome","Abnormality of dental color",1
DOID:0050439,HP:0100543,"Usher syndrome","Cognitive impairment",1
DOID:0050440,HP:0000006,"familial partial lipodystrophy","Autosomal dominant inheritance",1
DOID:0050440,HP:0000007,"familial partial lipodystrophy","Autosomal recessive inheritance",1
DOID:0050440,HP:0000147,"familial partial lipodystrophy","Polycystic ovaries",1
DOID:0050440,HP:0000271,"familial partial lipodystrophy","Abnormality of the face",1
DOID:0050440,HP:0000287,"familial partial lipodystrophy","Increased facial adipose tissue",1
DOID:0050440,HP:0000311,"familial partial lipodystrophy","Round face",1
DOID:0050440,HP:0000464,"familial partial lipodystrophy","Abnormality of the neck",1
DOID:0050440,HP:0000468,"familial partial lipodystrophy","Increased adipose tissue around the neck",1
DOID:0050440,HP:0000786,"familial partial lipodystrophy","Primary amenorrhea",1
DOID:0050440,HP:0000819,"familial partial lipodystrophy","Diabetes mellitus",1
DOID:0050440,HP:0000822,"familial partial lipodystrophy",Hypertension,1
DOID:0050440,HP:0000831,"familial partial lipodystrophy","Insulin-resistant diabetes mellitus",1
DOID:0050440,HP:0000842,"familial partial lipodystrophy",Hyperinsulinemia,1
DOID:0050440,HP:0000876,"familial partial lipodystrophy",Oligomenorrhea,1
DOID:0050440,HP:0000956,"familial partial lipodystrophy","Acanthosis nigricans",1
DOID:0050440,HP:0000991,"familial partial lipodystrophy",Xanthomatosis,1
DOID:0050440,HP:0001007,"familial partial lipodystrophy",Hirsutism,1
DOID:0050440,HP:0001015,"familial partial lipodystrophy","Prominent superficial veins",1
DOID:0050440,HP:0001394,"familial partial lipodystrophy",Cirrhosis,1
DOID:0050440,HP:0001397,"familial partial lipodystrophy","Hepatic steatosis",1
DOID:0050440,HP:0001735,"familial partial lipodystrophy","Acute pancreatitis",1
DOID:0050440,HP:0002149,"familial partial lipodystrophy",Hyperuricemia,1
DOID:0050440,HP:0002155,"familial partial lipodystrophy",Hypertriglyceridemia,1
DOID:0050440,HP:0002240,"familial partial lipodystrophy",Hepatomegaly,1
DOID:0050440,HP:0002621,"familial partial lipodystrophy",Atherosclerosis,1
DOID:0050440,HP:0003011,"familial partial lipodystrophy","Abnormality of the musculature",1
DOID:0050440,HP:0003074,"familial partial lipodystrophy",Hyperglycemia,1
DOID:0050440,HP:0003233,"familial partial lipodystrophy","Decreased circulating high-density lipoprotein levels",1
DOID:0050440,HP:0003326,"familial partial lipodystrophy",Myalgia,1
DOID:0050440,HP:0003635,"familial partial lipodystrophy","Loss of subcutaneous adipose tissue in limbs",1
DOID:0050440,HP:0003712,"familial partial lipodystrophy","Skeletal muscle hypertrophy",1
DOID:0050440,HP:0003758,"familial partial lipodystrophy","Reduced subcutaneous adipose tissue",1
DOID:0050440,HP:0008739,"familial partial lipodystrophy","Labial pseudohypertrophy",1
DOID:0050440,HP:0008887,"familial partial lipodystrophy","Adipose tissue loss",1
DOID:0050440,HP:0008985,"familial partial lipodystrophy","Increased intramuscular fat",1
DOID:0050440,HP:0008993,"familial partial lipodystrophy","Increased intraabdominal fat",1
DOID:0050440,HP:0009002,"familial partial lipodystrophy","Loss of truncal subcutaneous adipose tissue",1
DOID:0050440,HP:0009017,"familial partial lipodystrophy","Loss of gluteal subcutaneous adipose tissue",1
DOID:0050440,HP:0009125,"familial partial lipodystrophy",Lipodystrophy,1
DOID:0050440,HP:0009800,"familial partial lipodystrophy","Maternal diabetes",1
DOID:0050440,HP:0012645,"familial partial lipodystrophy","Enlarged peripheral nerve",1
DOID:0050440,HP:0100578,"familial partial lipodystrophy",Lipoatrophy,1
DOID:0050440,HP:0100602,"familial partial lipodystrophy",Preeclampsia,1
DOID:0050441,HP:0000007,mucosulfatidosis,"Autosomal recessive inheritance",1
DOID:0050441,HP:0000238,mucosulfatidosis,Hydrocephalus,1
DOID:0050441,HP:0000280,mucosulfatidosis,"Coarse facial features",1
DOID:0050441,HP:0000365,mucosulfatidosis,"Hearing impairment",1
DOID:0050441,HP:0000463,mucosulfatidosis,"Anteverted nares",1
DOID:0050441,HP:0000546,mucosulfatidosis,"Retinal degeneration",1
DOID:0050441,HP:0000943,mucosulfatidosis,"Dysostosis multiplex",1
DOID:0050441,HP:0001249,mucosulfatidosis,"Intellectual disability",1
DOID:0050441,HP:0001251,mucosulfatidosis,Ataxia,1
DOID:0050441,HP:0001257,mucosulfatidosis,Spasticity,1
DOID:0050441,HP:0001263,mucosulfatidosis,"Global developmental delay",1
DOID:0050441,HP:0001272,mucosulfatidosis,"Cerebellar atrophy",1
DOID:0050441,HP:0001319,mucosulfatidosis,"Neonatal hypotonia",1
DOID:0050441,HP:0001744,mucosulfatidosis,Splenomegaly,1
DOID:0050441,HP:0002003,mucosulfatidosis,"Large forehead",1
DOID:0050441,HP:0002059,mucosulfatidosis,"Cerebral atrophy",1
DOID:0050441,HP:0002119,mucosulfatidosis,Ventriculomegaly,1
DOID:0050441,HP:0002240,mucosulfatidosis,Hepatomegaly,1
DOID:0050441,HP:0002395,mucosulfatidosis,"Lower limb hyperreflexia",1
DOID:0050441,HP:0002518,mucosulfatidosis,"Abnormality of the periventricular white matter",1
DOID:0050441,HP:0002922,mucosulfatidosis,"Increased CSF protein",1
DOID:0050441,HP:0004322,mucosulfatidosis,"Short stature",1
DOID:0050441,HP:0007305,mucosulfatidosis,"CNS demyelination",1
DOID:0050441,HP:0007307,mucosulfatidosis,"Rapid neurologic deterioration",1
DOID:0050441,HP:0007957,mucosulfatidosis,"Corneal opacity",1
DOID:0050441,HP:0008064,mucosulfatidosis,Ichthyosis,1
DOID:0050441,HP:0008155,mucosulfatidosis,Mucopolysacchariduria,1
DOID:0050441,HP:0008479,mucosulfatidosis,"Hypoplastic vertebral bodies",1
DOID:0050441,HP:0010055,mucosulfatidosis,"Broad hallux",1
DOID:0050441,HP:0011096,mucosulfatidosis,"Peripheral demyelination",1
DOID:0050441,HP:0011220,mucosulfatidosis,"Prominent forehead",1
DOID:0050441,HP:0011304,mucosulfatidosis,"Broad thumb",1
DOID:0050441,HP:0012368,mucosulfatidosis,"Flat face",1
DOID:0050441,HP:0100539,mucosulfatidosis,"Periorbital edema",1
DOID:0050444,HP:0000007,"infantile Refsum disease","Autosomal recessive inheritance",1
DOID:0050444,HP:0000272,"infantile Refsum disease","Malar flattening",1
DOID:0050444,HP:0000407,"infantile Refsum disease","Sensorineural hearing impairment",1
DOID:0050444,HP:0000457,"infantile Refsum disease","Depressed nasal ridge",1
DOID:0050444,HP:0000510,"infantile Refsum disease","Rod-cone dystrophy",1
DOID:0050444,HP:0000512,"infantile Refsum disease","Abnormal electroretinogram",1
DOID:0050444,HP:0000939,"infantile Refsum disease",Osteoporosis,1
DOID:0050444,HP:0000954,"infantile Refsum disease","Single transverse palmar crease",1
DOID:0050444,HP:0001249,"infantile Refsum disease","Intellectual disability",1
DOID:0050444,HP:0001263,"infantile Refsum disease","Global developmental delay",1
DOID:0050444,HP:0001265,"infantile Refsum disease",Hyporeflexia,1
DOID:0050444,HP:0001271,"infantile Refsum disease",Polyneuropathy,1
DOID:0050444,HP:0001290,"infantile Refsum disease","Generalized hypotonia",1
DOID:0050444,HP:0001508,"infantile Refsum disease","Failure to thrive",1
DOID:0050444,HP:0001892,"infantile Refsum disease","Abnormal bleeding",1
DOID:0050444,HP:0001999,"infantile Refsum disease","Abnormal facial shape",1
DOID:0050444,HP:0002240,"infantile Refsum disease",Hepatomegaly,1
DOID:0050444,HP:0002570,"infantile Refsum disease",Steatorrhea,1
DOID:0050444,HP:0003146,"infantile Refsum disease",Hypocholesterolemia,1
DOID:0050444,HP:0003577,"infantile Refsum disease","Congenital onset",1
DOID:0050444,HP:0008167,"infantile Refsum disease","Very long chain fatty acid accumulation",1
DOID:0050444,HP:0012368,"infantile Refsum disease","Flat face",1
DOID:0050445,HP:0000114,"X-linked hypophosphatemic rickets","Proximal tubulopathy",1
DOID:0050445,HP:0000117,"X-linked hypophosphatemic rickets","Renal phosphate wasting",1
DOID:0050445,HP:0000121,"X-linked hypophosphatemic rickets",Nephrocalcinosis,1
DOID:0050445,HP:0000124,"X-linked hypophosphatemic rickets","Renal tubular dysfunction",1
DOID:0050445,HP:0000787,"X-linked hypophosphatemic rickets",Nephrolithiasis,1
DOID:0050445,HP:0001419,"X-linked hypophosphatemic rickets","X-linked recessive inheritance",1
DOID:0050445,HP:0001423,"X-linked hypophosphatemic rickets","X-linked dominant inheritance",1
DOID:0050445,HP:0002007,"X-linked hypophosphatemic rickets","Frontal bossing",1
DOID:0050445,HP:0002148,"X-linked hypophosphatemic rickets",Hypophosphatemia,1
DOID:0050445,HP:0002150,"X-linked hypophosphatemic rickets",Hypercalciuria,1
DOID:0050445,HP:0002176,"X-linked hypophosphatemic rickets","Spinal cord compression",1
DOID:0050445,HP:0002644,"X-linked hypophosphatemic rickets","Abnormality of pelvic girdle bone morphology",1
DOID:0050445,HP:0002653,"X-linked hypophosphatemic rickets","Bone pain",1
DOID:0050445,HP:0002663,"X-linked hypophosphatemic rickets","Delayed epiphyseal ossification",1
DOID:0050445,HP:0002748,"X-linked hypophosphatemic rickets",Rickets,1
DOID:0050445,HP:0002749,"X-linked hypophosphatemic rickets",Osteomalacia,1
DOID:0050445,HP:0002752,"X-linked hypophosphatemic rickets","Sparse bone trabeculae",1
DOID:0050445,HP:0002753,"X-linked hypophosphatemic rickets","Thin bony cortex",1
DOID:0050445,HP:0002757,"X-linked hypophosphatemic rickets","Recurrent fractures",1
DOID:0050445,HP:0002758,"X-linked hypophosphatemic rickets",Osteoarthritis,1
DOID:0050445,HP:0002829,"X-linked hypophosphatemic rickets",Arthralgia,1
DOID:0050445,HP:0002979,"X-linked hypophosphatemic rickets","Bowing of the legs",1
DOID:0050445,HP:0002980,"X-linked hypophosphatemic rickets","Femoral bowing",1
DOID:0050445,HP:0002982,"X-linked hypophosphatemic rickets","Tibial bowing",1
DOID:0050445,HP:0003013,"X-linked hypophosphatemic rickets","Bulging epiphyses",1
DOID:0050445,HP:0003020,"X-linked hypophosphatemic rickets","Enlargement of the wrists",1
DOID:0050445,HP:0003025,"X-linked hypophosphatemic rickets","Metaphyseal irregularity",1
DOID:0050445,HP:0003029,"X-linked hypophosphatemic rickets","Enlargement of the ankles",1
DOID:0050445,HP:0003126,"X-linked hypophosphatemic rickets","Low-molecular-weight proteinuria",1
DOID:0050445,HP:0003152,"X-linked hypophosphatemic rickets","Increased serum 1,25-dihydroxyvitamin D3",1
DOID:0050445,HP:0003155,"X-linked hypophosphatemic rickets","Elevated alkaline phosphatase",1
DOID:0050445,HP:0003165,"X-linked hypophosphatemic rickets","Elevated circulating parathyroid hormone level",1
DOID:0050445,HP:0003416,"X-linked hypophosphatemic rickets","Spinal canal stenosis",1
DOID:0050445,HP:0003812,"X-linked hypophosphatemic rickets","Phenotypic variability",1
DOID:0050445,HP:0004322,"X-linked hypophosphatemic rickets","Short stature",1
DOID:0050445,HP:0004912,"X-linked hypophosphatemic rickets","Hypophosphatemic rickets",1
DOID:0050445,HP:0006285,"X-linked hypophosphatemic rickets","Hypomineralization of enamel",1
DOID:0050445,HP:0006432,"X-linked hypophosphatemic rickets","Trapezoidal distal femoral condyles",1
DOID:0050445,HP:0008117,"X-linked hypophosphatemic rickets","Shortening of the talar neck",1
DOID:0050445,HP:0008144,"X-linked hypophosphatemic rickets","Flattening of the talar dome",1
DOID:0050445,HP:0010502,"X-linked hypophosphatemic rickets","Fibular bowing",1
DOID:0050445,HP:0012622,"X-linked hypophosphatemic rickets","Chronic kidney disease",1
DOID:0050448,HP:0000006,"hereditary mucosal leukokeratosis","Autosomal dominant inheritance",1
DOID:0050448,HP:0001939,"hereditary mucosal leukokeratosis","Abnormality of metabolism/homeostasis",1
DOID:0050448,HP:0002745,"hereditary mucosal leukokeratosis","Oral leukoplakia",1
DOID:0050448,HP:0025092,"hereditary mucosal leukokeratosis","Epidermal acanthosis@en",1
DOID:0050448,HP:0040009,"hereditary mucosal leukokeratosis",Hyperparakeratosis,1
DOID:0050449,HP:0000006,"pachyonychia congenita","Autosomal dominant inheritance",1
DOID:0050449,HP:0000535,"pachyonychia congenita","Sparse and thin eyebrow",1
DOID:0050449,HP:0000695,"pachyonychia congenita","Natal tooth",1
DOID:0050449,HP:0000972,"pachyonychia congenita","Palmoplantar hyperkeratosis",1
DOID:0050449,HP:0001425,"pachyonychia congenita",Heterogeneous,1
DOID:0050449,HP:0001609,"pachyonychia congenita","Hoarse voice",1
DOID:0050449,HP:0001805,"pachyonychia congenita","Thick nail",1
DOID:0050449,HP:0002164,"pachyonychia congenita","Nail dysplasia",1
DOID:0050449,HP:0002209,"pachyonychia congenita","Sparse scalp hair",1
DOID:0050449,HP:0002745,"pachyonychia congenita","Oral leukoplakia",1
DOID:0050449,HP:0007410,"pachyonychia congenita","Palmoplantar hyperhidrosis",1
DOID:0050449,HP:0007502,"pachyonychia congenita","Follicular hyperkeratosis",1
DOID:0050449,HP:0008392,"pachyonychia congenita","Subungual hyperkeratosis",1
DOID:0050449,HP:0008404,"pachyonychia congenita","Nail dystrophy",1
DOID:0050449,HP:0011359,"pachyonychia congenita","Dry hair",1
DOID:0050449,HP:0012035,"pachyonychia congenita","Steatocystoma multiplex",1
DOID:0050449,HP:0025084,"pachyonychia congenita",Folliculitis@en,1
DOID:0050449,HP:0200040,"pachyonychia congenita","Epidermoid cyst",1
DOID:0050450,HP:0000007,"Gitelman syndrome","Autosomal recessive inheritance",1
DOID:0050450,HP:0000103,"Gitelman syndrome",Polyuria,1
DOID:0050450,HP:0000128,"Gitelman syndrome","Renal potassium wasting",1
DOID:0050450,HP:0000848,"Gitelman syndrome","Increased circulating renin level",1
DOID:0050450,HP:0000934,"Gitelman syndrome",Chondrocalcinosis,1
DOID:0050450,HP:0001250,"Gitelman syndrome",Seizures,1
DOID:0050450,HP:0001281,"Gitelman syndrome",Tetany,1
DOID:0050450,HP:0001949,"Gitelman syndrome","Hypokalemic alkalosis",1
DOID:0050450,HP:0001959,"Gitelman syndrome",Polydipsia,1
DOID:0050450,HP:0002027,"Gitelman syndrome","Abdominal pain",1
DOID:0050450,HP:0002900,"Gitelman syndrome",Hypokalemia,1
DOID:0050450,HP:0002917,"Gitelman syndrome",Hypomagnesemia,1
DOID:0050450,HP:0003127,"Gitelman syndrome",Hypocalciuria,1
DOID:0050450,HP:0003324,"Gitelman syndrome","Generalized muscle weakness",1
DOID:0050450,HP:0003394,"Gitelman syndrome","Muscle cramps",1
DOID:0050450,HP:0003401,"Gitelman syndrome",Paresthesia,1
DOID:0050450,HP:0003470,"Gitelman syndrome",Paralysis,1
DOID:0050450,HP:0003621,"Gitelman syndrome","Juvenile onset",1
DOID:0050450,HP:0005567,"Gitelman syndrome","Renal magnesium wasting",1
DOID:0050452,HP:0000007,"mevalonic aciduria","Autosomal recessive inheritance",1
DOID:0050452,HP:0000239,"mevalonic aciduria","Large fontanelles",1
DOID:0050452,HP:0000252,"mevalonic aciduria",Microcephaly,1
DOID:0050452,HP:0000268,"mevalonic aciduria",Dolichocephaly,1
DOID:0050452,HP:0000325,"mevalonic aciduria","Triangular face",1
DOID:0050452,HP:0000358,"mevalonic aciduria","Posteriorly rotated ears",1
DOID:0050452,HP:0000369,"mevalonic aciduria","Low-set ears",1
DOID:0050452,HP:0000494,"mevalonic aciduria","Downslanted palpebral fissures",1
DOID:0050452,HP:0000518,"mevalonic aciduria",Cataract,1
DOID:0050452,HP:0000592,"mevalonic aciduria","Blue sclerae",1
DOID:0050452,HP:0000639,"mevalonic aciduria",Nystagmus,1
DOID:0050452,HP:0000969,"mevalonic aciduria",Edema,1
DOID:0050452,HP:0000988,"mevalonic aciduria","Skin rash",1
DOID:0050452,HP:0001263,"mevalonic aciduria","Global developmental delay",1
DOID:0050452,HP:0001272,"mevalonic aciduria","Cerebellar atrophy",1
DOID:0050452,HP:0001290,"mevalonic aciduria","Generalized hypotonia",1
DOID:0050452,HP:0001508,"mevalonic aciduria","Failure to thrive",1
DOID:0050452,HP:0001873,"mevalonic aciduria",Thrombocytopenia,1
DOID:0050452,HP:0001974,"mevalonic aciduria",Leukocytosis,1
DOID:0050452,HP:0002013,"mevalonic aciduria",Vomiting,1
DOID:0050452,HP:0002014,"mevalonic aciduria",Diarrhea,1
DOID:0050452,HP:0002059,"mevalonic aciduria","Cerebral atrophy",1
DOID:0050452,HP:0002073,"mevalonic aciduria","Progressive cerebellar ataxia",1
DOID:0050452,HP:0002335,"mevalonic aciduria","Agenesis of cerebellar vermis",1
DOID:0050452,HP:0002716,"mevalonic aciduria",Lymphadenopathy,1
DOID:0050452,HP:0002751,"mevalonic aciduria",Kyphoscoliosis,1
DOID:0050452,HP:0002829,"mevalonic aciduria",Arthralgia,1
DOID:0050452,HP:0002910,"mevalonic aciduria","Elevated hepatic transaminases",1
DOID:0050452,HP:0003236,"mevalonic aciduria","Elevated serum creatine phosphokinase",1
DOID:0050452,HP:0004322,"mevalonic aciduria","Short stature",1
DOID:0050452,HP:0004819,"mevalonic aciduria","Normocytic hypoplastic anemia",1
DOID:0050452,HP:0006268,"mevalonic aciduria","Fluctuating splenomegaly",1
DOID:0050452,HP:0006564,"mevalonic aciduria","Fluctuating hepatomegaly",1
DOID:0050452,HP:0012072,"mevalonic aciduria",Aciduria,1
DOID:0050452,HP:0012282,"mevalonic aciduria","Morbilliform rash",1
DOID:0050453,HP:0000006,lissencephaly,"Autosomal dominant inheritance",1
DOID:0050453,HP:0000007,lissencephaly,"Autosomal recessive inheritance",1
DOID:0050453,HP:0000054,lissencephaly,Micropenis,1
DOID:0050453,HP:0000062,lissencephaly,"Ambiguous genitalia",1
DOID:0050453,HP:0000218,lissencephaly,"High palate",1
DOID:0050453,HP:0000219,lissencephaly,"Thin upper lip vermilion",1
DOID:0050453,HP:0000238,lissencephaly,Hydrocephalus,1
DOID:0050453,HP:0000252,lissencephaly,Microcephaly,1
DOID:0050453,HP:0000256,lissencephaly,Macrocephaly,1
DOID:0050453,HP:0000260,lissencephaly,"Wide anterior fontanel",1
DOID:0050453,HP:0000343,lissencephaly,"Long philtrum",1
DOID:0050453,HP:0000347,lissencephaly,Micrognathia,1
DOID:0050453,HP:0000348,lissencephaly,"High forehead",1
DOID:0050453,HP:0000365,lissencephaly,"Hearing impairment",1
DOID:0050453,HP:0000369,lissencephaly,"Low-set ears",1
DOID:0050453,HP:0000426,lissencephaly,"Prominent nasal bridge",1
DOID:0050453,HP:0000431,lissencephaly,"Wide nasal bridge",1
DOID:0050453,HP:0000518,lissencephaly,Cataract,1
DOID:0050453,HP:0000639,lissencephaly,Nystagmus,1
DOID:0050453,HP:0000648,lissencephaly,"Optic atrophy",1
DOID:0050453,HP:0001249,lissencephaly,"Intellectual disability",1
DOID:0050453,HP:0001250,lissencephaly,Seizures,1
DOID:0050453,HP:0001251,lissencephaly,Ataxia,1
DOID:0050453,HP:0001252,lissencephaly,"Muscular hypotonia",1
DOID:0050453,HP:0001257,lissencephaly,Spasticity,1
DOID:0050453,HP:0001258,lissencephaly,"Spastic paraplegia",1
DOID:0050453,HP:0001260,lissencephaly,Dysarthria,1
DOID:0050453,HP:0001263,lissencephaly,"Global developmental delay",1
DOID:0050453,HP:0001270,lissencephaly,"Motor delay",1
DOID:0050453,HP:0001274,lissencephaly,"Agenesis of corpus callosum",1
DOID:0050453,HP:0001276,lissencephaly,Hypertonia,1
DOID:0050453,HP:0001285,lissencephaly,"Spastic tetraparesis",1
DOID:0050453,HP:0001290,lissencephaly,"Generalized hypotonia",1
DOID:0050453,HP:0001302,lissencephaly,Pachygyria,1
DOID:0050453,HP:0001320,lissencephaly,"Cerebellar vermis hypoplasia",1
DOID:0050453,HP:0001321,lissencephaly,"Cerebellar hypoplasia",1
DOID:0050453,HP:0001328,lissencephaly,"Specific learning disability",1
DOID:0050453,HP:0001339,lissencephaly,Lissencephaly,1
DOID:0050453,HP:0001347,lissencephaly,Hyperreflexia,1
DOID:0050453,HP:0001417,lissencephaly,"X-linked inheritance",1
DOID:0050453,HP:0001522,lissencephaly,"Death in infancy",1
DOID:0050453,HP:0002014,lissencephaly,Diarrhea,1
DOID:0050453,HP:0002079,lissencephaly,"Hypoplasia of the corpus callosum",1
DOID:0050453,HP:0002085,lissencephaly,"Occipital encephalocele",1
DOID:0050453,HP:0002119,lissencephaly,Ventriculomegaly,1
DOID:0050453,HP:0002126,lissencephaly,Polymicrogyria,1
DOID:0050453,HP:0002132,lissencephaly,"Porencephalic cyst",1
DOID:0050453,HP:0002171,lissencephaly,Gliosis,1
DOID:0050453,HP:0002187,lissencephaly,"Intellectual disability, profound",1
DOID:0050453,HP:0002281,lissencephaly,"Gray matter heterotopias",1
DOID:0050453,HP:0002282,lissencephaly,Heterotopia,1
DOID:0050453,HP:0002352,lissencephaly,Leukoencephalopathy,1
DOID:0050453,HP:0002365,lissencephaly,"Hypoplasia of the brainstem",1
DOID:0050453,HP:0002500,lissencephaly,"Abnormality of the cerebral white matter",1
DOID:0050453,HP:0002510,lissencephaly,"Spastic tetraplegia",1
DOID:0050453,HP:0003577,lissencephaly,"Congenital onset",1
DOID:0050453,HP:0003593,lissencephaly,"Infantile onset",1
DOID:0050453,HP:0003676,lissencephaly,Progressive,1
DOID:0050453,HP:0003745,lissencephaly,Sporadic,1
DOID:0050453,HP:0003828,lissencephaly,"Variable expressivity",1
DOID:0050453,HP:0003829,lissencephaly,"Incomplete penetrance",1
DOID:0050453,HP:0004322,lissencephaly,"Short stature",1
DOID:0050453,HP:0005484,lissencephaly,"Postnatal microcephaly",1
DOID:0050453,HP:0007260,lissencephaly,"Type II lissencephaly",1
DOID:0050453,HP:0008734,lissencephaly,"Decreased testicular size",1
DOID:0050453,HP:0008872,lissencephaly,"Feeding difficulties in infancy",1
DOID:0050453,HP:0008897,lissencephaly,"Postnatal growth retardation",1
DOID:0050453,HP:0008936,lissencephaly,"Muscular hypotonia of the trunk",1
DOID:0050453,HP:0009879,lissencephaly,"Cortical gyral simplification",1
DOID:0050453,HP:0009921,lissencephaly,"Duane anomaly",1
DOID:0050453,HP:0010864,lissencephaly,"Intellectual disability, severe",1
DOID:0050453,HP:0011341,lissencephaly,"Long upper lip",1
DOID:0050453,HP:0011344,lissencephaly,"Severe global developmental delay",1
DOID:0050453,HP:0012736,lissencephaly,"Profound global developmental delay",1
DOID:0050454,HP:0000006,"periventricular nodular heterotopia","Autosomal dominant inheritance",1
DOID:0050454,HP:0000007,"periventricular nodular heterotopia","Autosomal recessive inheritance",1
DOID:0050454,HP:0000252,"periventricular nodular heterotopia",Microcephaly,1
DOID:0050454,HP:0000253,"periventricular nodular heterotopia","Progressive microcephaly",1
DOID:0050454,HP:0000486,"periventricular nodular heterotopia",Strabismus,1
DOID:0050454,HP:0000750,"periventricular nodular heterotopia","Delayed speech and language development",1
DOID:0050454,HP:0000817,"periventricular nodular heterotopia","Poor eye contact",1
DOID:0050454,HP:0001249,"periventricular nodular heterotopia","Intellectual disability",1
DOID:0050454,HP:0001250,"periventricular nodular heterotopia",Seizures,1
DOID:0050454,HP:0001256,"periventricular nodular heterotopia","Intellectual disability, mild",1
DOID:0050454,HP:0001263,"periventricular nodular heterotopia","Global developmental delay",1
DOID:0050454,HP:0001290,"periventricular nodular heterotopia","Generalized hypotonia",1
DOID:0050454,HP:0001297,"periventricular nodular heterotopia",Stroke,1
DOID:0050454,HP:0001423,"periventricular nodular heterotopia","X-linked dominant inheritance",1
DOID:0050454,HP:0001508,"periventricular nodular heterotopia","Failure to thrive",1
DOID:0050454,HP:0001643,"periventricular nodular heterotopia","Patent ductus arteriosus",1
DOID:0050454,HP:0001647,"periventricular nodular heterotopia","Bicuspid aortic valve",1
DOID:0050454,HP:0002079,"periventricular nodular heterotopia","Hypoplasia of the corpus callosum",1
DOID:0050454,HP:0002269,"periventricular nodular heterotopia","Abnormality of neuronal migration",1
DOID:0050454,HP:0002273,"periventricular nodular heterotopia",Tetraparesis,1
DOID:0050454,HP:0002282,"periventricular nodular heterotopia",Heterotopia,1
DOID:0050454,HP:0002521,"periventricular nodular heterotopia",Hypsarrhythmia,1
DOID:0050454,HP:0003256,"periventricular nodular heterotopia","Abnormality of the coagulation cascade",1
DOID:0050454,HP:0003593,"periventricular nodular heterotopia","Infantile onset",1
DOID:0050454,HP:0007165,"periventricular nodular heterotopia","Periventricular gray matter heterotopia",1
DOID:0050454,HP:0010864,"periventricular nodular heterotopia","Intellectual disability, severe",1
DOID:0050458,HP:0000006,"juvenile myelomonocytic leukemia","Autosomal dominant inheritance",1
DOID:0050458,HP:0001428,"juvenile myelomonocytic leukemia","Somatic mutation",1
DOID:0050458,HP:0012209,"juvenile myelomonocytic leukemia","Juvenile myelomonocytic leukemia",1
DOID:0050460,HP:0000006,"Wolf-Hirschhorn syndrome","Autosomal dominant inheritance",1
DOID:0050460,HP:0000028,"Wolf-Hirschhorn syndrome",Cryptorchidism,1
DOID:0050460,HP:0000047,"Wolf-Hirschhorn syndrome",Hypospadias,1
DOID:0050460,HP:0000151,"Wolf-Hirschhorn syndrome","Aplasia of the uterus",1
DOID:0050460,HP:0000175,"Wolf-Hirschhorn syndrome","Cleft palate",1
DOID:0050460,HP:0000188,"Wolf-Hirschhorn syndrome","Short upper lip",1
DOID:0050460,HP:0000204,"Wolf-Hirschhorn syndrome","Cleft upper lip",1
DOID:0050460,HP:0000238,"Wolf-Hirschhorn syndrome",Hydrocephalus,1
DOID:0050460,HP:0000252,"Wolf-Hirschhorn syndrome",Microcephaly,1
DOID:0050460,HP:0000286,"Wolf-Hirschhorn syndrome",Epicanthus,1
DOID:0050460,HP:0000316,"Wolf-Hirschhorn syndrome",Hypertelorism,1
DOID:0050460,HP:0000322,"Wolf-Hirschhorn syndrome","Short philtrum",1
DOID:0050460,HP:0000347,"Wolf-Hirschhorn syndrome",Micrognathia,1
DOID:0050460,HP:0000348,"Wolf-Hirschhorn syndrome","High forehead",1
DOID:0050460,HP:0000377,"Wolf-Hirschhorn syndrome","Abnormality of the pinna",1
DOID:0050460,HP:0000384,"Wolf-Hirschhorn syndrome","Preauricular skin tag",1
DOID:0050460,HP:0000402,"Wolf-Hirschhorn syndrome","Stenosis of the external auditory canal",1
DOID:0050460,HP:0000405,"Wolf-Hirschhorn syndrome","Conductive hearing impairment",1
DOID:0050460,HP:0000407,"Wolf-Hirschhorn syndrome","Sensorineural hearing impairment",1
DOID:0050460,HP:0000431,"Wolf-Hirschhorn syndrome","Wide nasal bridge",1
DOID:0050460,HP:0000444,"Wolf-Hirschhorn syndrome","Convex nasal ridge",1
DOID:0050460,HP:0000465,"Wolf-Hirschhorn syndrome","Webbed neck",1
DOID:0050460,HP:0000486,"Wolf-Hirschhorn syndrome",Strabismus,1
DOID:0050460,HP:0000508,"Wolf-Hirschhorn syndrome",Ptosis,1
DOID:0050460,HP:0000520,"Wolf-Hirschhorn syndrome",Proptosis,1
DOID:0050460,HP:0000558,"Wolf-Hirschhorn syndrome","Rieger anomaly",1
DOID:0050460,HP:0000612,"Wolf-Hirschhorn syndrome","Iris coloboma",1
DOID:0050460,HP:0000639,"Wolf-Hirschhorn syndrome",Nystagmus,1
DOID:0050460,HP:0000668,"Wolf-Hirschhorn syndrome",Hypodontia,1
DOID:0050460,HP:0000733,"Wolf-Hirschhorn syndrome",Stereotypy,1
DOID:0050460,HP:0000826,"Wolf-Hirschhorn syndrome","Precocious puberty",1
DOID:0050460,HP:0000902,"Wolf-Hirschhorn syndrome","Rib fusion",1
DOID:0050460,HP:0000954,"Wolf-Hirschhorn syndrome","Single transverse palmar crease",1
DOID:0050460,HP:0000960,"Wolf-Hirschhorn syndrome","Sacral dimple",1
DOID:0050460,HP:0001028,"Wolf-Hirschhorn syndrome",Hemangioma,1
DOID:0050460,HP:0001080,"Wolf-Hirschhorn syndrome","Biliary tract abnormality",1
DOID:0050460,HP:0001171,"Wolf-Hirschhorn syndrome","Split hand",1
DOID:0050460,HP:0001177,"Wolf-Hirschhorn syndrome","Preaxial hand polydactyly",1
DOID:0050460,HP:0001250,"Wolf-Hirschhorn syndrome",Seizures,1
DOID:0050460,HP:0001263,"Wolf-Hirschhorn syndrome","Global developmental delay",1
DOID:0050460,HP:0001274,"Wolf-Hirschhorn syndrome","Agenesis of corpus callosum",1
DOID:0050460,HP:0001290,"Wolf-Hirschhorn syndrome","Generalized hypotonia",1
DOID:0050460,HP:0001331,"Wolf-Hirschhorn syndrome","Absent septum pellucidum",1
DOID:0050460,HP:0001385,"Wolf-Hirschhorn syndrome","Hip dysplasia",1
DOID:0050460,HP:0001508,"Wolf-Hirschhorn syndrome","Failure to thrive",1
DOID:0050460,HP:0001511,"Wolf-Hirschhorn syndrome","Intrauterine growth retardation",1
DOID:0050460,HP:0001518,"Wolf-Hirschhorn syndrome","Small for gestational age",1
DOID:0050460,HP:0001558,"Wolf-Hirschhorn syndrome","Decreased fetal movement",1
DOID:0050460,HP:0001629,"Wolf-Hirschhorn syndrome","Ventricular septal defect",1
DOID:0050460,HP:0001631,"Wolf-Hirschhorn syndrome","Atrial septal defect",1
DOID:0050460,HP:0001747,"Wolf-Hirschhorn syndrome","Accessory spleen",1
DOID:0050460,HP:0001762,"Wolf-Hirschhorn syndrome","Talipes equinovarus",1
DOID:0050460,HP:0001812,"Wolf-Hirschhorn syndrome","Hyperconvex fingernails",1
DOID:0050460,HP:0001840,"Wolf-Hirschhorn syndrome","Metatarsus adductus",1
DOID:0050460,HP:0001841,"Wolf-Hirschhorn syndrome","Preaxial foot polydactyly",1
DOID:0050460,HP:0002020,"Wolf-Hirschhorn syndrome","Gastroesophageal reflux",1
DOID:0050460,HP:0002057,"Wolf-Hirschhorn syndrome","Prominent glabella",1
DOID:0050460,HP:0002119,"Wolf-Hirschhorn syndrome",Ventriculomegaly,1
DOID:0050460,HP:0002144,"Wolf-Hirschhorn syndrome","Tethered cord",1
DOID:0050460,HP:0002162,"Wolf-Hirschhorn syndrome","Low posterior hairline",1
DOID:0050460,HP:0002353,"Wolf-Hirschhorn syndrome","EEG abnormality",1
DOID:0050460,HP:0002389,"Wolf-Hirschhorn syndrome","Cavum septum pellucidum",1
DOID:0050460,HP:0002553,"Wolf-Hirschhorn syndrome","Highly arched eyebrow",1
DOID:0050460,HP:0002650,"Wolf-Hirschhorn syndrome",Scoliosis,1
DOID:0050460,HP:0002714,"Wolf-Hirschhorn syndrome","Downturned corners of mouth",1
DOID:0050460,HP:0002721,"Wolf-Hirschhorn syndrome",Immunodeficiency,1
DOID:0050460,HP:0002750,"Wolf-Hirschhorn syndrome","Delayed skeletal maturation",1
DOID:0050460,HP:0002808,"Wolf-Hirschhorn syndrome",Kyphosis,1
DOID:0050460,HP:0002827,"Wolf-Hirschhorn syndrome","Hip dislocation",1
DOID:0050460,HP:0002948,"Wolf-Hirschhorn syndrome","Vertebral fusion",1
DOID:0050460,HP:0002974,"Wolf-Hirschhorn syndrome","Radioulnar synostosis",1
DOID:0050460,HP:0003199,"Wolf-Hirschhorn syndrome","Decreased muscle mass",1
DOID:0050460,HP:0003312,"Wolf-Hirschhorn syndrome","Abnormal form of the vertebral bodies",1
DOID:0050460,HP:0003745,"Wolf-Hirschhorn syndrome",Sporadic,1
DOID:0050460,HP:0004322,"Wolf-Hirschhorn syndrome","Short stature",1
DOID:0050460,HP:0004467,"Wolf-Hirschhorn syndrome","Preauricular pit",1
DOID:0050460,HP:0004484,"Wolf-Hirschhorn syndrome","Craniofacial asymmetry",1
DOID:0050460,HP:0004794,"Wolf-Hirschhorn syndrome","Malrotation of small bowel",1
DOID:0050460,HP:0006655,"Wolf-Hirschhorn syndrome","Rib segmentation abnormalities",1
DOID:0050460,HP:0007109,"Wolf-Hirschhorn syndrome","Periventricular cysts",1
DOID:0050460,HP:0007385,"Wolf-Hirschhorn syndrome","Aplasia cutis congenita of scalp",1
DOID:0050460,HP:0008850,"Wolf-Hirschhorn syndrome","Severe postnatal growth retardation",1
DOID:0050460,HP:0009193,"Wolf-Hirschhorn syndrome","Pseudoepiphyses of the metacarpals",1
DOID:0050460,HP:0009778,"Wolf-Hirschhorn syndrome","Short thumb",1
DOID:0050460,HP:0009918,"Wolf-Hirschhorn syndrome","Ectopia pupillae",1
DOID:0050460,HP:0010109,"Wolf-Hirschhorn syndrome","Short hallux",1
DOID:0050460,HP:0010864,"Wolf-Hirschhorn syndrome","Intellectual disability, severe",1
DOID:0050460,HP:0011863,"Wolf-Hirschhorn syndrome","Abnormal sternal ossification",1
DOID:0050461,HP:0000007,aspartylglucosaminuria,"Autosomal recessive inheritance",1
DOID:0050461,HP:0000053,aspartylglucosaminuria,Macroorchidism,1
DOID:0050461,HP:0000154,aspartylglucosaminuria,"Wide mouth",1
DOID:0050461,HP:0000158,aspartylglucosaminuria,Macroglossia,1
DOID:0050461,HP:0000179,aspartylglucosaminuria,"Thick lower lip vermilion",1
DOID:0050461,HP:0000248,aspartylglucosaminuria,Brachycephaly,1
DOID:0050461,HP:0000252,aspartylglucosaminuria,Microcephaly,1
DOID:0050461,HP:0000280,aspartylglucosaminuria,"Coarse facial features",1
DOID:0050461,HP:0000283,aspartylglucosaminuria,"Broad face",1
DOID:0050461,HP:0000463,aspartylglucosaminuria,"Anteverted nares",1
DOID:0050461,HP:0000518,aspartylglucosaminuria,Cataract,1
DOID:0050461,HP:0000750,aspartylglucosaminuria,"Delayed speech and language development",1
DOID:0050461,HP:0000926,aspartylglucosaminuria,Platyspondyly,1
DOID:0050461,HP:0000943,aspartylglucosaminuria,"Dysostosis multiplex",1
DOID:0050461,HP:0001061,aspartylglucosaminuria,Acne,1
DOID:0050461,HP:0001071,aspartylglucosaminuria,"Angiokeratoma corporis diffusum",1
DOID:0050461,HP:0001249,aspartylglucosaminuria,"Intellectual disability",1
DOID:0050461,HP:0001250,aspartylglucosaminuria,Seizures,1
DOID:0050461,HP:0001257,aspartylglucosaminuria,Spasticity,1
DOID:0050461,HP:0001290,aspartylglucosaminuria,"Generalized hypotonia",1
DOID:0050461,HP:0001388,aspartylglucosaminuria,"Joint laxity",1
DOID:0050461,HP:0001609,aspartylglucosaminuria,"Hoarse voice",1
DOID:0050461,HP:0001653,aspartylglucosaminuria,"Mitral regurgitation",1
DOID:0050461,HP:0001875,aspartylglucosaminuria,Neutropenia,1
DOID:0050461,HP:0001922,aspartylglucosaminuria,"Vacuolated lymphocytes",1
DOID:0050461,HP:0001939,aspartylglucosaminuria,"Abnormality of metabolism/homeostasis",1
DOID:0050461,HP:0002014,aspartylglucosaminuria,Diarrhea,1
DOID:0050461,HP:0002059,aspartylglucosaminuria,"Cerebral atrophy",1
DOID:0050461,HP:0002205,aspartylglucosaminuria,"Recurrent respiratory infections",1
DOID:0050461,HP:0002240,aspartylglucosaminuria,Hepatomegaly,1
DOID:0050461,HP:0002376,aspartylglucosaminuria,"Developmental regression",1
DOID:0050461,HP:0002650,aspartylglucosaminuria,Scoliosis,1
DOID:0050461,HP:0002684,aspartylglucosaminuria,"Thickened calvaria",1
DOID:0050461,HP:0002738,aspartylglucosaminuria,"Hypoplastic frontal sinuses",1
DOID:0050461,HP:0002750,aspartylglucosaminuria,"Delayed skeletal maturation",1
DOID:0050461,HP:0002756,aspartylglucosaminuria,"Pathologic fracture",1
DOID:0050461,HP:0002808,aspartylglucosaminuria,Kyphosis,1
DOID:0050461,HP:0003302,aspartylglucosaminuria,Spondylolisthesis,1
DOID:0050461,HP:0003304,aspartylglucosaminuria,Spondylolysis,1
DOID:0050461,HP:0004322,aspartylglucosaminuria,"Short stature",1
DOID:0050461,HP:0004568,aspartylglucosaminuria,"Beaking of vertebral bodies",1
DOID:0050461,HP:0005280,aspartylglucosaminuria,"Depressed nasal bridge",1
DOID:0050461,HP:0012068,aspartylglucosaminuria,Aspartylglucosaminuria,1
DOID:0050461,HP:0100790,aspartylglucosaminuria,Hernia,1
DOID:0050462,HP:0000007,"Antley-Bixler syndrome","Autosomal recessive inheritance",1
DOID:0050462,HP:0000028,"Antley-Bixler syndrome",Cryptorchidism,1
DOID:0050462,HP:0000041,"Antley-Bixler syndrome",Chordee,1
DOID:0050462,HP:0000046,"Antley-Bixler syndrome","Scrotal hypoplasia",1
DOID:0050462,HP:0000047,"Antley-Bixler syndrome",Hypospadias,1
DOID:0050462,HP:0000048,"Antley-Bixler syndrome","Bifid scrotum",1
DOID:0050462,HP:0000054,"Antley-Bixler syndrome",Micropenis,1
DOID:0050462,HP:0000059,"Antley-Bixler syndrome","Hypoplastic labia majora",1
DOID:0050462,HP:0000062,"Antley-Bixler syndrome","Ambiguous genitalia",1
DOID:0050462,HP:0000063,"Antley-Bixler syndrome","Fused labia minora",1
DOID:0050462,HP:0000066,"Antley-Bixler syndrome","Labial hypoplasia",1
DOID:0050462,HP:0000085,"Antley-Bixler syndrome","Horseshoe kidney",1
DOID:0050462,HP:0000147,"Antley-Bixler syndrome","Polycystic ovaries",1
DOID:0050462,HP:0000148,"Antley-Bixler syndrome","Vaginal atresia",1
DOID:0050462,HP:0000238,"Antley-Bixler syndrome",Hydrocephalus,1
DOID:0050462,HP:0000248,"Antley-Bixler syndrome",Brachycephaly,1
DOID:0050462,HP:0000252,"Antley-Bixler syndrome",Microcephaly,1
DOID:0050462,HP:0000260,"Antley-Bixler syndrome","Wide anterior fontanel",1
DOID:0050462,HP:0000272,"Antley-Bixler syndrome","Malar flattening",1
DOID:0050462,HP:0000316,"Antley-Bixler syndrome",Hypertelorism,1
DOID:0050462,HP:0000343,"Antley-Bixler syndrome","Long philtrum",1
DOID:0050462,HP:0000377,"Antley-Bixler syndrome","Abnormality of the pinna",1
DOID:0050462,HP:0000402,"Antley-Bixler syndrome","Stenosis of the external auditory canal",1
DOID:0050462,HP:0000405,"Antley-Bixler syndrome","Conductive hearing impairment",1
DOID:0050462,HP:0000452,"Antley-Bixler syndrome","Choanal stenosis",1
DOID:0050462,HP:0000453,"Antley-Bixler syndrome","Choanal atresia",1
DOID:0050462,HP:0000520,"Antley-Bixler syndrome",Proptosis,1
DOID:0050462,HP:0000774,"Antley-Bixler syndrome","Narrow chest",1
DOID:0050462,HP:0000818,"Antley-Bixler syndrome","Abnormality of the endocrine system",1
DOID:0050462,HP:0001166,"Antley-Bixler syndrome",Arachnodactyly,1
DOID:0050462,HP:0001194,"Antley-Bixler syndrome","Abnormalities of placenta or umbilical cord",1
DOID:0050462,HP:0001249,"Antley-Bixler syndrome","Intellectual disability",1
DOID:0050462,HP:0001363,"Antley-Bixler syndrome",Craniosynostosis,1
DOID:0050462,HP:0001438,"Antley-Bixler syndrome","Abnormality of abdomen morphology",1
DOID:0050462,HP:0001518,"Antley-Bixler syndrome","Small for gestational age",1
DOID:0050462,HP:0001562,"Antley-Bixler syndrome",Oligohydramnios,1
DOID:0050462,HP:0001586,"Antley-Bixler syndrome","Vesicovaginal fistula",1
DOID:0050462,HP:0001601,"Antley-Bixler syndrome",Laryngomalacia,1
DOID:0050462,HP:0001631,"Antley-Bixler syndrome","Atrial septal defect",1
DOID:0050462,HP:0001838,"Antley-Bixler syndrome","Rocker bottom foot",1
DOID:0050462,HP:0001939,"Antley-Bixler syndrome","Abnormality of metabolism/homeostasis",1
DOID:0050462,HP:0002007,"Antley-Bixler syndrome","Frontal bossing",1
DOID:0050462,HP:0002308,"Antley-Bixler syndrome","Arnold-Chiari malformation",1
DOID:0050462,HP:0002650,"Antley-Bixler syndrome",Scoliosis,1
DOID:0050462,HP:0002676,"Antley-Bixler syndrome","Cloverleaf skull",1
DOID:0050462,HP:0002780,"Antley-Bixler syndrome",Bronchomalacia,1
DOID:0050462,HP:0002781,"Antley-Bixler syndrome","Upper airway obstruction",1
DOID:0050462,HP:0002937,"Antley-Bixler syndrome",Hemivertebrae,1
DOID:0050462,HP:0002974,"Antley-Bixler syndrome","Radioulnar synostosis",1
DOID:0050462,HP:0002980,"Antley-Bixler syndrome","Femoral bowing",1
DOID:0050462,HP:0003031,"Antley-Bixler syndrome","Ulnar bowing",1
DOID:0050462,HP:0003041,"Antley-Bixler syndrome","Humeroradial synostosis",1
DOID:0050462,HP:0003275,"Antley-Bixler syndrome","Narrow pelvis bone",1
DOID:0050462,HP:0004440,"Antley-Bixler syndrome","Coronal craniosynostosis",1
DOID:0050462,HP:0004443,"Antley-Bixler syndrome","Lambdoidal craniosynostosis",1
DOID:0050462,HP:0005280,"Antley-Bixler syndrome","Depressed nasal bridge",1
DOID:0050462,HP:0008072,"Antley-Bixler syndrome","Maternal virilization in pregnancy",1
DOID:0050462,HP:0008073,"Antley-Bixler syndrome","Low maternal serum estriol",1
DOID:0050462,HP:0008368,"Antley-Bixler syndrome","Tarsal synostosis",1
DOID:0050462,HP:0008665,"Antley-Bixler syndrome","Clitoral hypertrophy",1
DOID:0050462,HP:0009473,"Antley-Bixler syndrome","Joint contracture of the hand",1
DOID:0050462,HP:0009702,"Antley-Bixler syndrome","Carpal synostosis",1
DOID:0050462,HP:0011800,"Antley-Bixler syndrome","Midface retrusion",1
DOID:0050462,HP:0012210,"Antley-Bixler syndrome","Abnormal renal morphology",1
DOID:0050462,HP:0012385,"Antley-Bixler syndrome",Camptodactyly,1
DOID:0050463,HP:0000006,"campomelic dysplasia","Autosomal dominant inheritance",1
DOID:0050463,HP:0000126,"campomelic dysplasia",Hydronephrosis,1
DOID:0050463,HP:0000175,"campomelic dysplasia","Cleft palate",1
DOID:0050463,HP:0000238,"campomelic dysplasia",Hydrocephalus,1
DOID:0050463,HP:0000256,"campomelic dysplasia",Macrocephaly,1
DOID:0050463,HP:0000260,"campomelic dysplasia","Wide anterior fontanel",1
DOID:0050463,HP:0000274,"campomelic dysplasia","Small face",1
DOID:0050463,HP:0000316,"campomelic dysplasia",Hypertelorism,1
DOID:0050463,HP:0000347,"campomelic dysplasia",Micrognathia,1
DOID:0050463,HP:0000348,"campomelic dysplasia","High forehead",1
DOID:0050463,HP:0000365,"campomelic dysplasia","Hearing impairment",1
DOID:0050463,HP:0000369,"campomelic dysplasia","Low-set ears",1
DOID:0050463,HP:0000457,"campomelic dysplasia","Depressed nasal ridge",1
DOID:0050463,HP:0000581,"campomelic dysplasia",Blepharophimosis,1
DOID:0050463,HP:0000878,"campomelic dysplasia","11 pairs of ribs",1
DOID:0050463,HP:0000882,"campomelic dysplasia","Hypoplastic scapulae",1
DOID:0050463,HP:0000883,"campomelic dysplasia","Thin ribs",1
DOID:0050463,HP:0001290,"campomelic dysplasia","Generalized hypotonia",1
DOID:0050463,HP:0001508,"campomelic dysplasia","Failure to thrive",1
DOID:0050463,HP:0001561,"campomelic dysplasia",Polyhydramnios,1
DOID:0050463,HP:0001627,"campomelic dysplasia","Abnormal heart morphology",1
DOID:0050463,HP:0001762,"campomelic dysplasia","Talipes equinovarus",1
DOID:0050463,HP:0002098,"campomelic dysplasia","Respiratory distress",1
DOID:0050463,HP:0002104,"campomelic dysplasia",Apnea,1
DOID:0050463,HP:0002751,"campomelic dysplasia",Kyphoscoliosis,1
DOID:0050463,HP:0002786,"campomelic dysplasia",Tracheobronchomalacia,1
DOID:0050463,HP:0002827,"campomelic dysplasia","Hip dislocation",1
DOID:0050463,HP:0002866,"campomelic dysplasia","Hypoplastic iliac wing",1
DOID:0050463,HP:0002980,"campomelic dysplasia","Femoral bowing",1
DOID:0050463,HP:0003038,"campomelic dysplasia","Fibular hypoplasia",1
DOID:0050463,HP:0005035,"campomelic dysplasia","Shortening of all phalanges of the toes",1
DOID:0050463,HP:0005257,"campomelic dysplasia","Thoracic hypoplasia",1
DOID:0050463,HP:0005280,"campomelic dysplasia","Depressed nasal bridge",1
DOID:0050463,HP:0006390,"campomelic dysplasia","Anterior tibial bowing",1
DOID:0050463,HP:0006628,"campomelic dysplasia","Absent sternal ossification",1
DOID:0050463,HP:0008434,"campomelic dysplasia","Hypoplastic cervical vertebrae",1
DOID:0050463,HP:0008477,"campomelic dysplasia","Poorly ossified cervical vertebrae",1
DOID:0050463,HP:0008873,"campomelic dysplasia","Disproportionate short-limb short stature",1
DOID:0050463,HP:0008921,"campomelic dysplasia","Neonatal short-limb short stature",1
DOID:0050463,HP:0011910,"campomelic dysplasia","Shortening of all phalanges of fingers",1
DOID:0050463,HP:0012245,"campomelic dysplasia","Sex reversal",1
DOID:0050463,HP:0012745,"campomelic dysplasia","Short palpebral fissure",1
DOID:0050464,HP:0000007,"Farber lipogranulomatosis","Autosomal recessive inheritance",1
DOID:0050464,HP:0000737,"Farber lipogranulomatosis",Irritability,1
DOID:0050464,HP:0001249,"Farber lipogranulomatosis","Intellectual disability",1
DOID:0050464,HP:0001270,"Farber lipogranulomatosis","Motor delay",1
DOID:0050464,HP:0001369,"Farber lipogranulomatosis",Arthritis,1
DOID:0050464,HP:0001386,"Farber lipogranulomatosis","Joint swelling",1
DOID:0050464,HP:0001508,"Farber lipogranulomatosis","Failure to thrive",1
DOID:0050464,HP:0001615,"Farber lipogranulomatosis","Hoarse cry",1
DOID:0050464,HP:0001744,"Farber lipogranulomatosis",Splenomegaly,1
DOID:0050464,HP:0002093,"Farber lipogranulomatosis","Respiratory insufficiency",1
DOID:0050464,HP:0002240,"Farber lipogranulomatosis",Hepatomegaly,1
DOID:0050464,HP:0003676,"Farber lipogranulomatosis",Progressive,1
DOID:0050464,HP:0003828,"Farber lipogranulomatosis","Variable expressivity",1
DOID:0050464,HP:0007470,"Farber lipogranulomatosis","Periarticular subcutaneous nodules",1
DOID:0050464,HP:0010729,"Farber lipogranulomatosis","Cherry red spot of the macula",1
DOID:0050464,HP:0040139,"Farber lipogranulomatosis",Lipogranulomatosis,1
DOID:0050465,HP:0000006,"Muir-Torre syndrome","Autosomal dominant inheritance",1
DOID:0050465,HP:0002253,"Muir-Torre syndrome","Colonic diverticula",1
DOID:0050465,HP:0002671,"Muir-Torre syndrome","Basal cell carcinoma",1
DOID:0050465,HP:0003002,"Muir-Torre syndrome","Breast carcinoma",1
DOID:0050465,HP:0003003,"Muir-Torre syndrome","Colon cancer",1
DOID:0050465,HP:0006719,"Muir-Torre syndrome","Benign gastrointestinal tract tumors",1
DOID:0050465,HP:0006758,"Muir-Torre syndrome","Malignant genitourinary tract tumor",1
DOID:0050465,HP:0006771,"Muir-Torre syndrome","Duodenal adenocarcinoma",1
DOID:0050465,HP:0006778,"Muir-Torre syndrome","Benign genitourinary tract neoplasm",1
DOID:0050465,HP:0009720,"Muir-Torre syndrome","Adenoma sebaceum",1
DOID:0050465,HP:0012118,"Muir-Torre syndrome","Laryngeal carcinoma",1
DOID:0050465,HP:0030410,"Muir-Torre syndrome","Sebaceous gland carcinoma",1
DOID:0050466,HP:0000006,"Loeys-Dietz syndrome","Autosomal dominant inheritance",1
DOID:0050466,HP:0000023,"Loeys-Dietz syndrome","Inguinal hernia",1
DOID:0050466,HP:0000098,"Loeys-Dietz syndrome","Tall stature",1
DOID:0050466,HP:0000139,"Loeys-Dietz syndrome","Uterine prolapse",1
DOID:0050466,HP:0000175,"Loeys-Dietz syndrome","Cleft palate",1
DOID:0050466,HP:0000193,"Loeys-Dietz syndrome","Bifid uvula",1
DOID:0050466,HP:0000218,"Loeys-Dietz syndrome","High palate",1
DOID:0050466,HP:0000238,"Loeys-Dietz syndrome",Hydrocephalus,1
DOID:0050466,HP:0000272,"Loeys-Dietz syndrome","Malar flattening",1
DOID:0050466,HP:0000278,"Loeys-Dietz syndrome",Retrognathia,1
DOID:0050466,HP:0000316,"Loeys-Dietz syndrome",Hypertelorism,1
DOID:0050466,HP:0000347,"Loeys-Dietz syndrome",Micrognathia,1
DOID:0050466,HP:0000494,"Loeys-Dietz syndrome","Downslanted palpebral fissures",1
DOID:0050466,HP:0000520,"Loeys-Dietz syndrome",Proptosis,1
DOID:0050466,HP:0000577,"Loeys-Dietz syndrome",Exotropia,1
DOID:0050466,HP:0000592,"Loeys-Dietz syndrome","Blue sclerae",1
DOID:0050466,HP:0000689,"Loeys-Dietz syndrome","Dental malocclusion",1
DOID:0050466,HP:0000766,"Loeys-Dietz syndrome","Abnormality of the sternum",1
DOID:0050466,HP:0000939,"Loeys-Dietz syndrome",Osteoporosis,1
DOID:0050466,HP:0000978,"Loeys-Dietz syndrome","Bruising susceptibility",1
DOID:0050466,HP:0001065,"Loeys-Dietz syndrome","Striae distensae",1
DOID:0050466,HP:0001156,"Loeys-Dietz syndrome",Brachydactyly,1
DOID:0050466,HP:0001159,"Loeys-Dietz syndrome",Syndactyly,1
DOID:0050466,HP:0001166,"Loeys-Dietz syndrome",Arachnodactyly,1
DOID:0050466,HP:0001249,"Loeys-Dietz syndrome","Intellectual disability",1
DOID:0050466,HP:0001263,"Loeys-Dietz syndrome","Global developmental delay",1
DOID:0050466,HP:0001363,"Loeys-Dietz syndrome",Craniosynostosis,1
