geneId,geneSymbol,diseaseId,diseaseName,diseaseClass,pmid,source,class

2,A2M,C0027051,Myocardial Infarction,C14,18382889,LHGDN,3

2,A2M,C0004096,Asthma,C08;C20,7682483,BEFREE,0

9,NAT1,C0004096,Asthma,C08;C20,11927838,LHGDN,0

10,NAT2,C0004096,Asthma,C08;C20,20602614,BEFREE,0

10,NAT2,C0004096,Asthma,C08;C20,16886893,BEFREE,0

10,NAT2,C0004096,Asthma,C08;C20,12492617,BEFREE,0

10,NAT2,C0004096,Asthma,C08;C20,23622008,BEFREE,0

12,SERPINA3,C0027051,Myocardial Infarction,C14,18056971,LHGDN,3

12,SERPINA3,C0004096,Asthma,C08;C20,23517041,BEFREE,0

12,SERPINA3,C0004096,Asthma,C08;C20,2327559,BEFREE,0

12,SERPINA3,C0004096,Asthma,C08;C20,2299303,BEFREE,0

15,AANAT,C0004096,Asthma,C08;C20,18680475,BEFREE,0

17,AAVS1,C0271650,Impaired glucose tolerance,C18,22808093,BEFREE,1

19,ABCA1,C0007785,Cerebral Infarction,C10;C14,18841006,BEFREE,3

19,ABCA1,C0027051,Myocardial Infarction,C14,16313984,BEFREE,3

19,ABCA1,C0027051,Myocardial Infarction,C14,23555974,BEFREE,3

19,ABCA1,C0027051,Myocardial Infarction,C14,24801707,BEFREE,3

19,ABCA1,C0027051,Myocardial Infarction,C14,18706283,BEFREE,3

19,ABCA1,C0027051,Myocardial Infarction,C14,14962947,LHGDN,3

19,ABCA1,C0027051,Myocardial Infarction,C14,16313984,LHGDN,3

19,ABCA1,C0007785,Cerebral Infarction,C10;C14,18566305,BEFREE,3

19,ABCA1,C0271650,Impaired glucose tolerance,C18,24992457,BEFREE,1

19,ABCA1,C0027051,Myocardial Infarction,C14,14962947,BEFREE,3

19,ABCA1,C0027051,Myocardial Infarction,C14,14986172,BEFREE,3

19,ABCA1,C0007785,Cerebral Infarction,C10;C14,18621447,BEFREE,3

19,ABCA1,C0004096,Asthma,C08;C20,24813055,BEFREE,0

19,ABCA1,C0027051,Myocardial Infarction,C14,26073400,BEFREE,3

19,ABCA1,C0027051,Myocardial Infarction,C14,15837080,BEFREE,3

19,ABCA1,C0027051,Myocardial Infarction,C14,24796288,BEFREE,3

21,ABCA3,C0031190,Persistent Fetal Circulation Syndrome,C08;C16,25105258,BEFREE,0

21,ABCA3,C0031190,Persistent Fetal Circulation Syndrome,C08;C16,17719949,BEFREE,0

22,ABCB7,C1845028,ANEMIA- SIDEROBLASTIC- AND SPINOCEREBELLAR ATAXIA,C10;C15;C16,11050011,CLINVAR,2

22,ABCB7,C0221018,Hereditary sideroblastic anemia,C15;C16,20093295,BEFREE,2

22,ABCB7,C1845028,ANEMIA- SIDEROBLASTIC- AND SPINOCEREBELLAR ATAXIA,C10;C15;C16,11050011,UNIPROT,2

22,ABCB7,C1845028,ANEMIA- SIDEROBLASTIC- AND SPINOCEREBELLAR ATAXIA,C10;C15;C16,22398176,CLINVAR,2

22,ABCB7,C1845028,ANEMIA- SIDEROBLASTIC- AND SPINOCEREBELLAR ATAXIA,C10;C15;C16,22398176,UNIPROT,2

22,ABCB7,C1845028,ANEMIA- SIDEROBLASTIC- AND SPINOCEREBELLAR ATAXIA,C10;C15;C16,10196363,CLINVAR,2

22,ABCB7,C1845028,ANEMIA- SIDEROBLASTIC- AND SPINOCEREBELLAR ATAXIA,C10;C15;C16,10196363,UNIPROT,2

22,ABCB7,C1845028,ANEMIA- SIDEROBLASTIC- AND SPINOCEREBELLAR ATAXIA,C10;C15;C16,25741868,CLINVAR,2

22,ABCB7,C1845028,ANEMIA- SIDEROBLASTIC- AND SPINOCEREBELLAR ATAXIA,C10;C15;C16,4045952,CLINVAR,2

22,ABCB7,C1845028,ANEMIA- SIDEROBLASTIC- AND SPINOCEREBELLAR ATAXIA,C10;C15;C16,22398176,BEFREE,2

22,ABCB7,C0221018,Hereditary sideroblastic anemia,C15;C16,16892088,BEFREE,2

22,ABCB7,C1845028,ANEMIA- SIDEROBLASTIC- AND SPINOCEREBELLAR ATAXIA,C10;C15;C16,20301496,CLINVAR,2

22,ABCB7,C1845028,ANEMIA- SIDEROBLASTIC- AND SPINOCEREBELLAR ATAXIA,C10;C15;C16,11843825,CLINVAR,2

22,ABCB7,C0221018,Hereditary sideroblastic anemia,C15;C16,11050011,BEFREE,2

22,ABCB7,C0221018,Hereditary sideroblastic anemia,C15;C16,17192393,BEFREE,2

22,ABCB7,C0221018,Hereditary sideroblastic anemia,C15;C16,17192398,BEFREE,2

22,ABCB7,C1845028,ANEMIA- SIDEROBLASTIC- AND SPINOCEREBELLAR ATAXIA,C10;C15;C16,11843825,UNIPROT,2

22,ABCB7,C1845028,ANEMIA- SIDEROBLASTIC- AND SPINOCEREBELLAR ATAXIA,C10;C15;C16,11843825,BEFREE,2

22,ABCB7,C1845028,ANEMIA- SIDEROBLASTIC- AND SPINOCEREBELLAR ATAXIA,C10;C15;C16,10196363,BEFREE,2

22,ABCB7,C1845028,ANEMIA- SIDEROBLASTIC- AND SPINOCEREBELLAR ATAXIA,C10;C15;C16,21326867,CTD_human,2

24,ABCA4,C0027051,Myocardial Infarction,C14,23727086,BEFREE,3

24,ABCA4,C0027051,Myocardial Infarction,C14,16563363,BEFREE,3

25,ABL1,C0032463,Polycythemia Vera,C04;C15,26492355,BEFREE,2

25,ABL1,C0032463,Polycythemia Vera,C04;C15,16321848,BEFREE,2

25,ABL1,C0032463,Polycythemia Vera,C04;C15,18937974,BEFREE,2

25,ABL1,C0032463,Polycythemia Vera,C04;C15,25349114,BEFREE,2

25,ABL1,C0032463,Polycythemia Vera,C04;C15,26933174,BEFREE,2

25,ABL1,C0032463,Polycythemia Vera,C04;C15,23986553,BEFREE,2

25,ABL1,C0032463,Polycythemia Vera,C04;C15,17979493,BEFREE,2

25,ABL1,C0032463,Polycythemia Vera,C04;C15,17194663,BEFREE,2

25,ABL1,C0032463,Polycythemia Vera,C04;C15,20560681,BEFREE,2

25,ABL1,C0032463,Polycythemia Vera,C04;C15,22793267,BEFREE,2

25,ABL1,C0032463,Polycythemia Vera,C04;C15,8527391,BEFREE,2

25,ABL1,C0032463,Polycythemia Vera,C04;C15,29134817,BEFREE,2

25,ABL1,C0032463,Polycythemia Vera,C04;C15,27017614,BEFREE,2

25,ABL1,C0032463,Polycythemia Vera,C04;C15,18024651,BEFREE,2

25,ABL1,C0032463,Polycythemia Vera,C04;C15,18769448,BEFREE,2

25,ABL1,C0032463,Polycythemia Vera,C04;C15,19109573,BEFREE,2

25,ABL1,C0032463,Polycythemia Vera,C04;C15,17255788,BEFREE,2

25,ABL1,C0032463,Polycythemia Vera,C04;C15,28406068,BEFREE,2

25,ABL1,C0032463,Polycythemia Vera,C04;C15,12408765,LHGDN,2

25,ABL1,C0032463,Polycythemia Vera,C04;C15,20002154,BEFREE,2

26,AOC1,C0004096,Asthma,C08;C20,17651147,BEFREE,0

28,ABO,C0027051,Myocardial Infarction,C14,24902973,BEFREE,3

28,ABO,C0027051,Myocardial Infarction,C14,23161703,BEFREE,3

28,ABO,C0027051,Myocardial Infarction,C14,21945157,BEFREE,3

28,ABO,C0034902,Pure Red-Cell Aplasia,C15,16623806,BEFREE,2

28,ABO,C0027051,Myocardial Infarction,C14,23300549,BEFREE,3

28,ABO,C0027051,Myocardial Infarction,C14,21239051,BEFREE,3

28,ABO,C0034902,Pure Red-Cell Aplasia,C15,8477196,BEFREE,2

28,ABO,C0014761,Erythroblastosis- Fetal,C13;C15;C16;C20,15318861,BEFREE,2

28,ABO,C0004096,Asthma,C08;C20,16008680,BEFREE,0

28,ABO,C0014761,Erythroblastosis- Fetal,C13;C15;C16;C20,17867986,BEFREE,2

28,ABO,C0004096,Asthma,C08;C20,11491170,BEFREE,0

28,ABO,C0027051,Myocardial Infarction,C14,19036074,BEFREE,3

28,ABO,C0028768,Obsessive-Compulsive Disorder,F03,7187175,BEFREE,4

31,ACACA,C0003467,Anxiety,F01,26385612,BEFREE,4

32,ACACB,C0028756,Obesity- Morbid,C18;C23,21908218,BEFREE,1

40,ASIC2,C0030319,Panic Disorder,F03,21811305,BEFREE,4

41,ASIC1,C0003467,Anxiety,F01,25913301,BEFREE,4

41,ASIC1,C0003467,Anxiety,F01,24529281,BEFREE,4

41,ASIC1,C0030319,Panic Disorder,F03,24529281,BEFREE,4

41,ASIC1,C0030319,Panic Disorder,F03,26589317,BEFREE,4

43,ACHE,C0003467,Anxiety,F01,25744714,BEFREE,4

43,ACHE,C0003467,Anxiety,F01,15060281,BEFREE,4

43,ACHE,C0027051,Myocardial Infarction,C14,21750701,BEFREE,3

43,ACHE,C0003467,Anxiety,F01,11299326,BEFREE,4

43,ACHE,C0004096,Asthma,C08;C20,23377347,BEFREE,0

48,ACO1,C0162316,Iron deficiency anemia,C15;C18,16503547,LHGDN,2

48,ACO1,C0162316,Iron deficiency anemia,C15;C18,16503547,BEFREE,2

52,ACP1,C0004096,Asthma,C08;C20,16224193,BEFREE,0

52,ACP1,C0271650,Impaired glucose tolerance,C18,11836311,BEFREE,1

58,ACTA1,C0004096,Asthma,C08;C20,15696078,BEFREE,0

59,ACTA2,C2931384,Moyamoya disease 1,C10;C14,25956231,BEFREE,3

59,ACTA2,C2931384,Moyamoya disease 1,C10;C14,20970362,BEFREE,3

59,ACTA2,C0027051,Myocardial Infarction,C14,24358288,CTD_human,3

59,ACTA2,C0027051,Myocardial Infarction,C14,24243736,BEFREE,3

59,ACTA2,C2931384,Moyamoya disease 1,C10;C14,19409525,BEFREE,3

59,ACTA2,C2931384,Moyamoya disease 1,C10;C14,22831780,BEFREE,3

60,ACTB,C0262584,Carcinoma- Small Cell,C04,21321092,BEFREE,0

60,ACTB,C0004096,Asthma,C08;C20,12200519,BEFREE,0

60,ACTB,C0004096,Asthma,C08;C20,15813808,BEFREE,0

60,ACTB,C0004096,Asthma,C08;C20,17302903,BEFREE,0

60,ACTB,C0004096,Asthma,C08;C20,8970374,BEFREE,0

90,ACVR1,C0004096,Asthma,C08;C20,18292470,LHGDN,0

91,ACVR1B,C0027051,Myocardial Infarction,C14,28214509,BEFREE,3

93,ACVR2B,C0271650,Impaired glucose tolerance,C18,11334431,BEFREE,1

94,ACVRL1,C0034091,Pulmonary Veno-Occlusive Disease (disorder),C08;C14,26699722,BEFREE,0

100,ADA,C0004096,Asthma,C08;C20,19019667,BEFREE,0

100,ADA,C0004096,Asthma,C08;C20,16754522,BEFREE,0

100,ADA,C0271650,Impaired glucose tolerance,C18,11852372,BEFREE,1

100,ADA,C0030312,Pancytopenia,C15,16973956,BEFREE,2

100,ADA,C0004096,Asthma,C08;C20,16224193,BEFREE,0

100,ADA,C0271650,Impaired glucose tolerance,C18,10388966,BEFREE,1

100,ADA,C0004096,Asthma,C08;C20,15630434,BEFREE,0

100,ADA,C0004096,Asthma,C08;C20,12774669,LHGDN,0

101,ADAM8,C0027051,Myocardial Infarction,C14,21640993,BEFREE,3

101,ADAM8,C0004096,Asthma,C08;C20,24147597,BEFREE,0

101,ADAM8,C0004096,Asthma,C08;C20,17339047,BEFREE,0

101,ADAM8,C0004096,Asthma,C08;C20,17088949,BEFREE,0

101,ADAM8,C0027051,Myocardial Infarction,C14,19575316,BEFREE,3

101,ADAM8,C0004096,Asthma,C08;C20,23837412,BEFREE,0

101,ADAM8,C0004096,Asthma,C08;C20,17339047,LHGDN,0

102,ADAM10,C0007785,Cerebral Infarction,C10;C14,23773531,BEFREE,3

108,ADCY2,C0004096,Asthma,C08;C20,21912604,CTD_human,0

109,ADCY3,C0028756,Obesity- Morbid,C18;C23,29311637,CTD_human,1

116,ADCYAP1,C0003467,Anxiety,F01,23328528,BEFREE,4

117,ADCYAP1R1,C0004096,Asthma,C08;C20,21059121,CTD_human,0

117,ADCYAP1R1,C0003467,Anxiety,F01,23328528,BEFREE,4

117,ADCYAP1R1,C0004096,Asthma,C08;C20,23328528,BEFREE,0

118,ADD1,C0027051,Myocardial Infarction,C14,17189961,BEFREE,3

118,ADD1,C0027051,Myocardial Infarction,C14,16420563,BEFREE,3

118,ADD1,C0027051,Myocardial Infarction,C14,15301563,BEFREE,3

118,ADD1,C0020474,Hyperlipidemia- Familial Combined,C16;C18,11775124,BEFREE,1

118,ADD1,C0027051,Myocardial Infarction,C14,19145769,BEFREE,3

118,ADD1,C0027051,Myocardial Infarction,C14,18458162,BEFREE,3

118,ADD1,C0027051,Myocardial Infarction,C14,11926892,LHGDN,3

118,ADD1,C0027051,Myocardial Infarction,C14,15039125,BEFREE,3

118,ADD1,C0027051,Myocardial Infarction,C14,11926892,BEFREE,3

118,ADD1,C0027051,Myocardial Infarction,C14,14684671,BEFREE,3

118,ADD1,C0027051,Myocardial Infarction,C14,19145769,LHGDN,3

118,ADD1,C0027051,Myocardial Infarction,C14,10723114,BEFREE,3

119,ADD2,C2674218,SPHEROCYTOSIS- TYPE 1 (disorder),C15;C16,19425068,MGD,2

119,ADD2,C2674218,SPHEROCYTOSIS- TYPE 1 (disorder),C15;C16,10485892,MGD,2

125,ADH1B,C0007785,Cerebral Infarction,C10;C14,15534263,CTD_human,3

125,ADH1B,C0003467,Anxiety,F01,15584875,BEFREE,4

125,ADH1B,C0007785,Cerebral Infarction,C10;C14,15534263,BEFREE,3

125,ADH1B,C0271650,Impaired glucose tolerance,C18,20700531,BEFREE,1

125,ADH1B,C0003467,Anxiety,F01,25543168,BEFREE,4

125,ADH1B,C0007785,Cerebral Infarction,C10;C14,15534263,LHGDN,3

125,ADH1B,C0027051,Myocardial Infarction,C14,20031627,BEFREE,3

126,ADH1C,C0027051,Myocardial Infarction,C14,14726542,BEFREE,3

126,ADH1C,C0027051,Myocardial Infarction,C14,11207350,BEFREE,3

126,ADH1C,C0027051,Myocardial Infarction,C14,20031627,BEFREE,3

126,ADH1C,C0027051,Myocardial Infarction,C14,16051248,BEFREE,3

126,ADH1C,C0271650,Impaired glucose tolerance,C18,20700531,BEFREE,1

128,ADH5,C0027051,Myocardial Infarction,C14,19325130,BEFREE,3

128,ADH5,C0004096,Asthma,C08;C20,20335826,BEFREE,0

128,ADH5,C0004096,Asthma,C08;C20,17543375,LHGDN,0

133,ADM,C0007785,Cerebral Infarction,C10;C14,15684700,BEFREE,3

133,ADM,C0004096,Asthma,C08;C20,22686590,BEFREE,0

133,ADM,C0027051,Myocardial Infarction,C14,12805025,LHGDN,3

133,ADM,C0027051,Myocardial Infarction,C14,15684700,BEFREE,3

133,ADM,C0007785,Cerebral Infarction,C10;C14,25252154,BEFREE,3

133,ADM,C0027051,Myocardial Infarction,C14,12805025,BEFREE,3

133,ADM,C0027051,Myocardial Infarction,C14,28348718,BEFREE,3

133,ADM,C0271650,Impaired glucose tolerance,C18,22960655,BEFREE,1

133,ADM,C0011880,Diabetic Ketoacidosis,C18;C19,10609119,BEFREE,1

133,ADM,C0027051,Myocardial Infarction,C14,16616959,BEFREE,3

134,ADORA1,C0007785,Cerebral Infarction,C10;C14,17067559,RGD,3

134,ADORA1,C0003467,Anxiety,F01,20520601,BEFREE,4

134,ADORA1,C0338495,Sleep Apnea- Mixed Central and Obstructive,C08;C10,18787037,RGD,4

134,ADORA1,C0004096,Asthma,C08;C20,16364194,BEFREE,0

134,ADORA1,C0004096,Asthma,C08;C20,14754517,BEFREE,0

134,ADORA1,C0751848,Thrombotic Infarction- Middle Cerebral Artery,C10;C14,23437309,CTD_human,3

134,ADORA1,C0004096,Asthma,C08;C20,27182965,GWASCAT,0

134,ADORA1,C0027051,Myocardial Infarction,C14,12160945,CTD_human,3

135,ADORA2A,C0003467,Anxiety,F01,19565319,BEFREE,4

135,ADORA2A,C0003467,Anxiety,F01,18305461,BEFREE,4

135,ADORA2A,C0030319,Panic Disorder,F03,23018769,BEFREE,4

135,ADORA2A,C0030319,Panic Disorder,F03,15774265,BEFREE,4

135,ADORA2A,C0003467,Anxiety,F01,22940476,BEFREE,4

135,ADORA2A,C0003467,Anxiety,F01,20334879,BEFREE,4

135,ADORA2A,C0030319,Panic Disorder,F03,15774265,LHGDN,4

135,ADORA2A,C0003467,Anxiety,F01,22399050,BEFREE,4

135,ADORA2A,C0003467,Anxiety,F01,20520601,BEFREE,4

135,ADORA2A,C0003467,Anxiety,F01,22012471,BEFREE,4

135,ADORA2A,C0030319,Panic Disorder,F03,14666117,BEFREE,4

135,ADORA2A,C0003467,Anxiety,F01,16118787,BEFREE,4

135,ADORA2A,C0030319,Panic Disorder,F03,26589317,BEFREE,4

135,ADORA2A,C0030319,Panic Disorder,F03,14666117,LHGDN,4

135,ADORA2A,C0349231,Phobic anxiety disorder,F03,20334879,BEFREE,4

135,ADORA2A,C0030319,Panic Disorder,F03,19565319,BEFREE,4

135,ADORA2A,C0030319,Panic Disorder,F03,22940476,BEFREE,4

135,ADORA2A,C0001818,Agoraphobia,F03,14666117,BEFREE,4

135,ADORA2A,C0025193,Melancholia,F03,26860412,CTD_human,4

135,ADORA2A,C0030319,Panic Disorder,F03,20334879,BEFREE,4

135,ADORA2A,C0004096,Asthma,C08;C20,18442791,LHGDN,0

135,ADORA2A,C0030319,Panic Disorder,F03,12825092,CTD_human,4

135,ADORA2A,C0004096,Asthma,C08;C20,16339780,LHGDN,0

140,ADORA3,C0027051,Myocardial Infarction,C14,20132822,CTD_human,3

140,ADORA3,C0027051,Myocardial Infarction,C14,12160945,CTD_human,3

141,ADPRH,C1863512,HYPERCHOLESTEROLEMIA- AUTOSOMAL RECESSIVE,C18,19477448,BEFREE,1

141,ADPRH,C1863512,HYPERCHOLESTEROLEMIA- AUTOSOMAL RECESSIVE,C18,12464675,BEFREE,1

142,PARP1,C0004096,Asthma,C08;C20,22532985,BEFREE,0

142,PARP1,C0004096,Asthma,C08;C20,19484672,BEFREE,0

142,PARP1,C0004096,Asthma,C08;C20,24180296,BEFREE,0

142,PARP1,C0027051,Myocardial Infarction,C14,12440774,BEFREE,3

142,PARP1,C0004096,Asthma,C08;C20,26169874,BEFREE,0

142,PARP1,C0004096,Asthma,C08;C20,12594058,BEFREE,0

142,PARP1,C0004096,Asthma,C08;C20,21276008,BEFREE,0

142,PARP1,C0027051,Myocardial Infarction,C14,17225870,LHGDN,3

142,PARP1,C0004096,Asthma,C08;C20,18261157,CTD_human,0

142,PARP1,C0004096,Asthma,C08;C20,26205779,BEFREE,0

142,PARP1,C0004096,Asthma,C08;C20,26339143,BEFREE,0

142,PARP1,C0007785,Cerebral Infarction,C10;C14,10657571,BEFREE,3

147,ADRA1B,C0004096,Asthma,C08;C20,19910028,BEFREE,0

148,ADRA1A,C0004096,Asthma,C08;C20,15764725,BEFREE,0

148,ADRA1A,C0004096,Asthma,C08;C20,15947423,BEFREE,0

150,ADRA2A,C0030319,Panic Disorder,F03,10699231,BEFREE,4

150,ADRA2A,C0030319,Panic Disorder,F03,14656453,CTD_human,4

151,ADRA2B,C0271650,Impaired glucose tolerance,C18,15309292,BEFREE,1

151,ADRA2B,C0004096,Asthma,C08;C20,15764725,BEFREE,0

151,ADRA2B,C0004096,Asthma,C08;C20,15947423,BEFREE,0

151,ADRA2B,C0027051,Myocardial Infarction,C14,12401126,BEFREE,3

151,ADRA2B,C0027051,Myocardial Infarction,C14,12535806,LHGDN,3

153,ADRB1,C0027051,Myocardial Infarction,C14,18331634,BEFREE,3

153,ADRB1,C0027051,Myocardial Infarction,C14,18615004,BEFREE,3

153,ADRB1,C0027051,Myocardial Infarction,C14,17680533,LHGDN,3

153,ADRB1,C0027051,Myocardial Infarction,C14,17143192,RGD,3

153,ADRB1,C1135191,Heart Failure- Systolic,C14,25638254,BEFREE,3

153,ADRB1,C0027051,Myocardial Infarction,C14,21626217,BEFREE,3

154,ADRB2,C0004096,Asthma,C08;C20,19183167,BEFREE,0

154,ADRB2,C0004096,Asthma,C08;C20,22793522,BEFREE,0

154,ADRB2,C0004096,Asthma,C08;C20,18591903,LHGDN,0

154,ADRB2,C0004096,Asthma,C08;C20,11941312,BEFREE,0

154,ADRB2,C0004096,Asthma,C08;C20,9731005,BEFREE,0

154,ADRB2,C0004096,Asthma,C08;C20,17292646,BEFREE,0

154,ADRB2,C0004096,Asthma,C08;C20,19441602,BEFREE,0

154,ADRB2,C0004096,Asthma,C08;C20,28093224,BEFREE,0

154,ADRB2,C0004096,Asthma,C08;C20,16946993,LHGDN,0

154,ADRB2,C0004096,Asthma,C08;C20,17075257,BEFREE,0

154,ADRB2,C0004096,Asthma,C08;C20,10673187,BEFREE,0

154,ADRB2,C0004096,Asthma,C08;C20,16954783,BEFREE,0

154,ADRB2,C0004096,Asthma,C08;C20,15153795,LHGDN,0

154,ADRB2,C0004096,Asthma,C08;C20,21545619,BEFREE,0

154,ADRB2,C0004096,Asthma,C08;C20,19910613,BEFREE,0

154,ADRB2,C0004096,Asthma,C08;C20,11713122,BEFREE,0

154,ADRB2,C0004096,Asthma,C08;C20,23384627,BEFREE,0

154,ADRB2,C0004096,Asthma,C08;C20,23548523,BEFREE,0

154,ADRB2,C0004096,Asthma,C08;C20,26369942,BEFREE,0

154,ADRB2,C0004096,Asthma,C08;C20,16263254,BEFREE,0

154,ADRB2,C0004096,Asthma,C08;C20,26505596,BEFREE,0

154,ADRB2,C0004096,Asthma,C08;C20,10931116,BEFREE,0

154,ADRB2,C0004096,Asthma,C08;C20,21829036,BEFREE,0

154,ADRB2,C0004096,Asthma,C08;C20,17297203,LHGDN,0

154,ADRB2,C0004096,Asthma,C08;C20,20394512,BEFREE,0

154,ADRB2,C0004096,Asthma,C08;C20,20228825,BEFREE,0

154,ADRB2,C0004096,Asthma,C08;C20,16273390,BEFREE,0

154,ADRB2,C0004096,Asthma,C08;C20,17068824,BEFREE,0

154,ADRB2,C0004096,Asthma,C08;C20,24279851,BEFREE,0

154,ADRB2,C0004096,Asthma,C08;C20,18156033,BEFREE,0

154,ADRB2,C0004096,Asthma,C08;C20,22045347,BEFREE,0

154,ADRB2,C0004096,Asthma,C08;C20,21294785,BEFREE,0

154,ADRB2,C0004096,Asthma,C08;C20,16899844,BEFREE,0

154,ADRB2,C0004096,Asthma,C08;C20,17001289,BEFREE,0

154,ADRB2,C0004096,Asthma,C08;C20,19514054,BEFREE,0

154,ADRB2,C0004096,Asthma,C08;C20,19800676,BEFREE,0

154,ADRB2,C0004096,Asthma,C08;C20,15976384,BEFREE,0

154,ADRB2,C0004096,Asthma,C08;C20,17714090,BEFREE,0

154,ADRB2,C0004096,Asthma,C08;C20,20335826,BEFREE,0

154,ADRB2,C0004096,Asthma,C08;C20,22862293,BEFREE,0

154,ADRB2,C0038218,Status Asthmaticus,C08;C20,16395068,LHGDN,0

154,ADRB2,C0004096,Asthma,C08;C20,26235677,BEFREE,0

154,ADRB2,C0004096,Asthma,C08;C20,18430791,BEFREE,0

154,ADRB2,C0004096,Asthma,C08;C20,22158330,BEFREE,0

154,ADRB2,C0004096,Asthma,C08;C20,14691957,BEFREE,0

154,ADRB2,C0004096,Asthma,C08;C20,22192964,BEFREE,0

154,ADRB2,C0004096,Asthma,C08;C20,16207148,BEFREE,0

154,ADRB2,C0004096,Asthma,C08;C20,26613553,BEFREE,0

154,ADRB2,C0004096,Asthma,C08;C20,9399966,BEFREE,0

154,ADRB2,C0004096,Asthma,C08;C20,23205695,BEFREE,0

154,ADRB2,C0004096,Asthma,C08;C20,15794198,BEFREE,0

154,ADRB2,C0004096,Asthma,C08;C20,24131275,BEFREE,0

154,ADRB2,C0004096,Asthma,C08;C20,19850944,BEFREE,0

154,ADRB2,C0004096,Asthma,C08;C20,21038778,BEFREE,0

154,ADRB2,C0004096,Asthma,C08;C20,15153795,BEFREE,0

154,ADRB2,C0004096,Asthma,C08;C20,12442282,BEFREE,0

154,ADRB2,C0004096,Asthma,C08;C20,25918834,BEFREE,0

154,ADRB2,C0004096,Asthma,C08;C20,19905915,BEFREE,0

154,ADRB2,C0027051,Myocardial Infarction,C14,19623647,BEFREE,3

154,ADRB2,C0027051,Myocardial Infarction,C14,19190821,LHGDN,3

154,ADRB2,C0004096,Asthma,C08;C20,24621682,BEFREE,0

154,ADRB2,C0004096,Asthma,C08;C20,20868478,BEFREE,0

154,ADRB2,C0004096,Asthma,C08;C20,15879435,BEFREE,0

154,ADRB2,C0004096,Asthma,C08;C20,19638684,BEFREE,0

154,ADRB2,C0027051,Myocardial Infarction,C14,11821707,BEFREE,3

154,ADRB2,C0004096,Asthma,C08;C20,7739309,BEFREE,0

154,ADRB2,C0004096,Asthma,C08;C20,19254291,BEFREE,0

154,ADRB2,C0004096,Asthma,C08;C20,26633084,BEFREE,0

154,ADRB2,C0004096,Asthma,C08;C20,17299247,BEFREE,0

154,ADRB2,C0004096,Asthma,C08;C20,10903223,BEFREE,0

154,ADRB2,C0004096,Asthma,C08;C20,25501358,BEFREE,0

154,ADRB2,C0004096,Asthma,C08;C20,24691493,BEFREE,0

154,ADRB2,C0004096,Asthma,C08;C20,8764219,BEFREE,0

154,ADRB2,C0004096,Asthma,C08;C20,17415415,BEFREE,0

154,ADRB2,C0004096,Asthma,C08;C20,22370858,BEFREE,0

154,ADRB2,C0004096,Asthma,C08;C20,7706471,BEFREE,0

154,ADRB2,C0004096,Asthma,C08;C20,27029682,BEFREE,0

154,ADRB2,C0004096,Asthma,C08;C20,24992184,BEFREE,0

154,ADRB2,C0004096,Asthma,C08;C20,11371409,BEFREE,0

154,ADRB2,C0004096,Asthma,C08;C20,26994621,BEFREE,0

154,ADRB2,C0004096,Asthma,C08;C20,15557128,BEFREE,0

154,ADRB2,C0004096,Asthma,C08;C20,21320165,BEFREE,0

154,ADRB2,C0004096,Asthma,C08;C20,21905268,BEFREE,0

154,ADRB2,C0004096,Asthma,C08;C20,12083965,BEFREE,0

154,ADRB2,C0027051,Myocardial Infarction,C14,18615004,BEFREE,3

154,ADRB2,C0004096,Asthma,C08;C20,24641588,BEFREE,0

154,ADRB2,C0004096,Asthma,C08;C20,17428813,BEFREE,0

154,ADRB2,C0271650,Impaired glucose tolerance,C18,11288039,BEFREE,1

154,ADRB2,C0004096,Asthma,C08;C20,10950895,BEFREE,0

154,ADRB2,C0004096,Asthma,C08;C20,16004558,BEFREE,0

154,ADRB2,C0027051,Myocardial Infarction,C14,20230274,BEFREE,3

154,ADRB2,C0027051,Myocardial Infarction,C14,21626217,BEFREE,3

154,ADRB2,C0004096,Asthma,C08;C20,16369120,BEFREE,0

154,ADRB2,C0004096,Asthma,C08;C20,10936119,BEFREE,0

154,ADRB2,C0004096,Asthma,C08;C20,10524541,BEFREE,0

154,ADRB2,C0004096,Asthma,C08;C20,18303970,LHGDN,0

154,ADRB2,C0004096,Asthma,C08;C20,25819984,BEFREE,0

154,ADRB2,C0027051,Myocardial Infarction,C14,20399803,BEFREE,3

154,ADRB2,C0004096,Asthma,C08;C20,10469027,BEFREE,0

154,ADRB2,C0004096,Asthma,C08;C20,26071206,BEFREE,0

154,ADRB2,C0004096,Asthma,C08;C20,20546196,BEFREE,0

154,ADRB2,C0004096,Asthma,C08;C20,23193110,BEFREE,0

154,ADRB2,C0004096,Asthma,C08;C20,20929600,BEFREE,0

154,ADRB2,C0004096,Asthma,C08;C20,11224726,BEFREE,0

154,ADRB2,C0004096,Asthma,C08;C20,15987731,BEFREE,0

154,ADRB2,C0027051,Myocardial Infarction,C14,16420563,BEFREE,3

154,ADRB2,C0004096,Asthma,C08;C20,10669529,BEFREE,0

154,ADRB2,C0027051,Myocardial Infarction,C14,15931235,BEFREE,3

154,ADRB2,C0004096,Asthma,C08;C20,16596417,BEFREE,0

154,ADRB2,C0027051,Myocardial Infarction,C14,15520258,LHGDN,3

154,ADRB2,C0004096,Asthma,C08;C20,17085797,BEFREE,0

154,ADRB2,C0004096,Asthma,C08;C20,20175803,BEFREE,0

154,ADRB2,C0004096,Asthma,C08;C20,16164442,BEFREE,0

154,ADRB2,C0271650,Impaired glucose tolerance,C18,18249219,BEFREE,1

154,ADRB2,C0004096,Asthma,C08;C20,16289313,BEFREE,0

154,ADRB2,C0004096,Asthma,C08;C20,25233048,BEFREE,0

154,ADRB2,C0004096,Asthma,C08;C20,25180620,BEFREE,0

154,ADRB2,C0004096,Asthma,C08;C20,17068824,LHGDN,0

154,ADRB2,C0004096,Asthma,C08;C20,16357573,BEFREE,0

154,ADRB2,C0004096,Asthma,C08;C20,14650112,BEFREE,0

154,ADRB2,C0004096,Asthma,C08;C20,16567656,BEFREE,0

154,ADRB2,C0004096,Asthma,C08;C20,22355322,BEFREE,0

154,ADRB2,C0004096,Asthma,C08;C20,22526864,BEFREE,0

154,ADRB2,C0004096,Asthma,C08;C20,23548524,BEFREE,0

154,ADRB2,C0004096,Asthma,C08;C20,16369119,BEFREE,0

154,ADRB2,C0004096,Asthma,C08;C20,18500733,BEFREE,0

154,ADRB2,C0004096,Asthma,C08;C20,14657864,BEFREE,0

154,ADRB2,C0004096,Asthma,C08;C20,26009249,BEFREE,0

154,ADRB2,C0004096,Asthma,C08;C20,7785006,BEFREE,0

154,ADRB2,C0004096,Asthma,C08;C20,22559839,BEFREE,0

154,ADRB2,C0004096,Asthma,C08;C20,24012958,BEFREE,0

154,ADRB2,C0004096,Asthma,C08;C20,10967152,BEFREE,0

154,ADRB2,C0004096,Asthma,C08;C20,22883364,BEFREE,0

154,ADRB2,C0004096,Asthma,C08;C20,10934093,BEFREE,0

154,ADRB2,C0004096,Asthma,C08;C20,12807170,BEFREE,0

154,ADRB2,C0004096,Asthma,C08;C20,9351598,BEFREE,0

154,ADRB2,C0004096,Asthma,C08;C20,16369120,LHGDN,0

154,ADRB2,C0004096,Asthma,C08;C20,18440968,BEFREE,0

154,ADRB2,C0004096,Asthma,C08;C20,25985706,BEFREE,0

154,ADRB2,C0004096,Asthma,C08;C20,11029338,BEFREE,0

154,ADRB2,C0004096,Asthma,C08;C20,24040906,BEFREE,0

154,ADRB2,C0004096,Asthma,C08;C20,16772309,BEFREE,0

154,ADRB2,C0004096,Asthma,C08;C20,12083965,LHGDN,0

154,ADRB2,C0004096,Asthma,C08;C20,18622265,LHGDN,0

154,ADRB2,C0004096,Asthma,C08;C20,22950544,BEFREE,0

154,ADRB2,C0004096,Asthma,C08;C20,25299150,BEFREE,0

154,ADRB2,C0004096,Asthma,C08;C20,19430548,BEFREE,0

154,ADRB2,C0004096,Asthma,C08;C20,16935688,BEFREE,0

154,ADRB2,C0004096,Asthma,C08;C20,27450915,BEFREE,0

154,ADRB2,C0004096,Asthma,C08;C20,10873550,BEFREE,0

154,ADRB2,C0004096,Asthma,C08;C20,25074500,BEFREE,0

154,ADRB2,C0004096,Asthma,C08;C20,21801278,BEFREE,0

154,ADRB2,C0004096,Asthma,C08;C20,18035963,BEFREE,0

154,ADRB2,C0004096,Asthma,C08;C20,20423350,BEFREE,0

154,ADRB2,C0004096,Asthma,C08;C20,19666775,BEFREE,0

154,ADRB2,C0004096,Asthma,C08;C20,26587832,BEFREE,0

154,ADRB2,C0004096,Asthma,C08;C20,11412813,BEFREE,0

154,ADRB2,C0004096,Asthma,C08;C20,19029431,BEFREE,0

154,ADRB2,C0004096,Asthma,C08;C20,9847294,BEFREE,0

154,ADRB2,C0004096,Asthma,C08;C20,23267209,BEFREE,0

154,ADRB2,C0028756,Obesity- Morbid,C18;C23,18346809,BEFREE,1

154,ADRB2,C0004096,Asthma,C08;C20,14657864,LHGDN,0

154,ADRB2,C0004096,Asthma,C08;C20,22611179,BEFREE,0

154,ADRB2,C0004096,Asthma,C08;C20,9139767,BEFREE,0

154,ADRB2,C0004096,Asthma,C08;C20,23964556,BEFREE,0

154,ADRB2,C0027051,Myocardial Infarction,C14,12400771,RGD,3

154,ADRB2,C0004096,Asthma,C08;C20,17621827,BEFREE,0

154,ADRB2,C0004096,Asthma,C08;C20,7680566,BEFREE,0

154,ADRB2,C0004096,Asthma,C08;C20,9329515,BEFREE,0

154,ADRB2,C0004096,Asthma,C08;C20,18758858,BEFREE,0

154,ADRB2,C0004096,Asthma,C08;C20,25111792,BEFREE,0

154,ADRB2,C0004096,Asthma,C08;C20,18466098,BEFREE,0

154,ADRB2,C0004096,Asthma,C08;C20,14610472,BEFREE,0

154,ADRB2,C0004096,Asthma,C08;C20,19077707,BEFREE,0

154,ADRB2,C0004096,Asthma,C08;C20,8834349,BEFREE,0

154,ADRB2,C0004096,Asthma,C08;C20,8383511,BEFREE,0

154,ADRB2,C0004096,Asthma,C08;C20,20175796,BEFREE,0

154,ADRB2,C0004096,Asthma,C08;C20,22328447,BEFREE,0

154,ADRB2,C0004096,Asthma,C08;C20,11306963,BEFREE,0

154,ADRB2,C0004096,Asthma,C08;C20,22075484,BEFREE,0

154,ADRB2,C0004096,Asthma,C08;C20,12885990,BEFREE,0

154,ADRB2,C0004096,Asthma,C08;C20,21385652,BEFREE,0

154,ADRB2,C0004096,Asthma,C08;C20,18849614,BEFREE,0

154,ADRB2,C0004096,Asthma,C08;C20,11888952,BEFREE,0

154,ADRB2,C0004096,Asthma,C08;C20,19422376,BEFREE,0

154,ADRB2,C0003467,Anxiety,F01,25918834,BEFREE,4

154,ADRB2,C0004096,Asthma,C08;C20,22821646,BEFREE,0

155,ADRB3,C0011859,Lipoatrophic Diabetes Mellitus,C18;C19,9329375,BEFREE,1

155,ADRB3,C0028756,Obesity- Morbid,C18;C23,17299491,BEFREE,1

155,ADRB3,C0271650,Impaired glucose tolerance,C18,18249219,BEFREE,1

155,ADRB3,C0028756,Obesity- Morbid,C18;C23,15479221,BEFREE,1

155,ADRB3,C0027051,Myocardial Infarction,C14,21527738,BEFREE,3

155,ADRB3,C0028756,Obesity- Morbid,C18;C23,9416435,BEFREE,1

155,ADRB3,C0028756,Obesity- Morbid,C18;C23,7609752,BEFREE,1

156,GRK2,C0004096,Asthma,C08;C20,25819984,BEFREE,0

156,GRK2,C0027051,Myocardial Infarction,C14,20351116,BEFREE,3

161,AP2A2,C0004096,Asthma,C08;C20,27611488,GWASCAT,0

175,AGA,C0004096,Asthma,C08;C20,16021473,BEFREE,0

177,AGER,C0007785,Cerebral Infarction,C10;C14,19005067,BEFREE,3

177,AGER,C0271650,Impaired glucose tolerance,C18,18079485,LHGDN,1

177,AGER,C0004096,Asthma,C08;C20,23304218,RGD,0

177,AGER,C0027051,Myocardial Infarction,C14,21208063,BEFREE,3

177,AGER,C0027051,Myocardial Infarction,C14,19910580,BEFREE,3

177,AGER,C0011880,Diabetic Ketoacidosis,C18;C19,18775683,LHGDN,1

177,AGER,C0027051,Myocardial Infarction,C14,19910580,RGD,3

177,AGER,C0027051,Myocardial Infarction,C14,16728681,BEFREE,3

177,AGER,C0027051,Myocardial Infarction,C14,16159602,BEFREE,3

181,AGRP,C0009426,Combat Disorders,F03,26116876,BEFREE,4

181,AGRP,C0028756,Obesity- Morbid,C18;C23,11487744,BEFREE,1

181,AGRP,C0271650,Impaired glucose tolerance,C18,23744028,BEFREE,1

181,AGRP,C0271650,Impaired glucose tolerance,C18,18854155,BEFREE,1

182,JAG1,C0004096,Asthma,C08;C20,17142250,BEFREE,0

183,AGT,C0004096,Asthma,C08;C20,21624492,BEFREE,0

183,AGT,C0027051,Myocardial Infarction,C14,7622852,BEFREE,3

183,AGT,C0027051,Myocardial Infarction,C14,9034401,BEFREE,3

183,AGT,C0027051,Myocardial Infarction,C14,22081025,BEFREE,3

183,AGT,C1135196,Heart Failure- Diastolic,C14,19185300,BEFREE,3

183,AGT,C0027051,Myocardial Infarction,C14,15662226,BEFREE,3

183,AGT,C0027051,Myocardial Infarction,C14,10488956,BEFREE,3

183,AGT,C0027051,Myocardial Infarction,C14,7737732,BEFREE,3

183,AGT,C0027051,Myocardial Infarction,C14,20945963,BEFREE,3

183,AGT,C0027051,Myocardial Infarction,C14,9857918,BEFREE,3

183,AGT,C0027051,Myocardial Infarction,C14,8583476,BEFREE,3

183,AGT,C0027051,Myocardial Infarction,C14,11330506,BEFREE,3

183,AGT,C0004096,Asthma,C08;C20,9003211,BEFREE,0

183,AGT,C0027051,Myocardial Infarction,C14,14643574,BEFREE,3

183,AGT,C1135191,Heart Failure- Systolic,C14,10097225,BEFREE,3

183,AGT,C0027051,Myocardial Infarction,C14,1668233,CTD_human,3

183,AGT,C0027051,Myocardial Infarction,C14,12444540,BEFREE,3

183,AGT,C0027051,Myocardial Infarction,C14,7764464,BEFREE,3

183,AGT,C0027051,Myocardial Infarction,C14,27586550,BEFREE,3

183,AGT,C0027051,Myocardial Infarction,C14,9831339,BEFREE,3

183,AGT,C0027051,Myocardial Infarction,C14,17299437,LHGDN,3

183,AGT,C0027051,Myocardial Infarction,C14,11352695,BEFREE,3

183,AGT,C0027051,Myocardial Infarction,C14,10488958,BEFREE,3

183,AGT,C0027051,Myocardial Infarction,C14,17579251,BEFREE,3

183,AGT,C0027051,Myocardial Infarction,C14,12453540,BEFREE,3

183,AGT,C0027051,Myocardial Infarction,C14,8793580,BEFREE,3

183,AGT,C0027051,Myocardial Infarction,C14,7783537,BEFREE,3

183,AGT,C0027051,Myocardial Infarction,C14,21167013,RGD,3

183,AGT,C0027051,Myocardial Infarction,C14,12102452,BEFREE,3

183,AGT,C0027051,Myocardial Infarction,C14,8869131,BEFREE,3

183,AGT,C0027051,Myocardial Infarction,C14,23933419,BEFREE,3

183,AGT,C0027051,Myocardial Infarction,C14,16413583,CTD_human,3

183,AGT,C0027051,Myocardial Infarction,C14,20529973,BEFREE,3

183,AGT,C0027051,Myocardial Infarction,C14,9486084,BEFREE,3

183,AGT,C0027051,Myocardial Infarction,C14,11904535,BEFREE,3

183,AGT,C0027051,Myocardial Infarction,C14,7549432,BEFREE,3

183,AGT,C0027051,Myocardial Infarction,C14,23283824,BEFREE,3

183,AGT,C0027051,Myocardial Infarction,C14,21163865,BEFREE,3

183,AGT,C0007785,Cerebral Infarction,C10;C14,17952138,LHGDN,3

183,AGT,C0027051,Myocardial Infarction,C14,23283822,BEFREE,3

183,AGT,C0007785,Cerebral Infarction,C10;C14,19023100,BEFREE,3

183,AGT,C0027051,Myocardial Infarction,C14,11106322,BEFREE,3

183,AGT,C0027051,Myocardial Infarction,C14,11137090,BEFREE,3

183,AGT,C0027051,Myocardial Infarction,C14,15599691,BEFREE,3

183,AGT,C0027051,Myocardial Infarction,C14,23666149,BEFREE,3

183,AGT,C0027051,Myocardial Infarction,C14,17299437,BEFREE,3

183,AGT,C0003467,Anxiety,F01,20967221,BEFREE,4

183,AGT,C0027051,Myocardial Infarction,C14,7700002,BEFREE,3

183,AGT,C0027051,Myocardial Infarction,C14,11531970,BEFREE,3

183,AGT,C0027051,Myocardial Infarction,C14,11393670,BEFREE,3

183,AGT,C0004096,Asthma,C08;C20,10200023,BEFREE,0

183,AGT,C0027051,Myocardial Infarction,C14,10097233,BEFREE,3

183,AGT,C0027051,Myocardial Infarction,C14,16940224,BEFREE,3

183,AGT,C0027051,Myocardial Infarction,C14,9254851,BEFREE,3

183,AGT,C0271650,Impaired glucose tolerance,C18,26704350,CTD_human,1

183,AGT,C0027051,Myocardial Infarction,C14,17336987,BEFREE,3

185,AGTR1,C0027051,Myocardial Infarction,C14,12460700,BEFREE,3

185,AGTR1,C0271650,Impaired glucose tolerance,C18,11564974,CTD_mouse,1

185,AGTR1,C0027051,Myocardial Infarction,C14,19713412,BEFREE,3

185,AGTR1,C0027051,Myocardial Infarction,C14,10435047,BEFREE,3

185,AGTR1,C0027051,Myocardial Infarction,C14,11330506,BEFREE,3

185,AGTR1,C0027051,Myocardial Infarction,C14,24414230,BEFREE,3

185,AGTR1,C0027051,Myocardial Infarction,C14,9796075,BEFREE,3

185,AGTR1,C0027051,Myocardial Infarction,C14,10731400,BEFREE,3

185,AGTR1,C0027051,Myocardial Infarction,C14,15454732,BEFREE,3

185,AGTR1,C0003467,Anxiety,F01,23892268,BEFREE,4

185,AGTR1,C0027051,Myocardial Infarction,C14,10488956,BEFREE,3

185,AGTR1,C1135196,Heart Failure- Diastolic,C14,19021695,BEFREE,3

185,AGTR1,C1135196,Heart Failure- Diastolic,C14,19330904,BEFREE,3

185,AGTR1,C0027051,Myocardial Infarction,C14,11393670,BEFREE,3

185,AGTR1,C0027051,Myocardial Infarction,C14,18347611,BEFREE,3

185,AGTR1,C0004096,Asthma,C08;C20,19080339,RGD,0

185,AGTR1,C0027051,Myocardial Infarction,C14,17293603,BEFREE,3

185,AGTR1,C0027051,Myocardial Infarction,C14,16911325,BEFREE,3

185,AGTR1,C0027051,Myocardial Infarction,C14,11122322,BEFREE,3

185,AGTR1,C0027051,Myocardial Infarction,C14,21163865,BEFREE,3

185,AGTR1,C0027051,Myocardial Infarction,C14,11137090,BEFREE,3

185,AGTR1,C0007785,Cerebral Infarction,C10;C14,21986569,BEFREE,3

185,AGTR1,C0027051,Myocardial Infarction,C14,7934345,BEFREE,3

185,AGTR1,C0027051,Myocardial Infarction,C14,17211857,BEFREE,3

185,AGTR1,C0027051,Myocardial Infarction,C14,17522061,BEFREE,3

185,AGTR1,C0027051,Myocardial Infarction,C14,9652322,RGD,3

185,AGTR1,C0027051,Myocardial Infarction,C14,9814614,BEFREE,3

185,AGTR1,C1135196,Heart Failure- Diastolic,C14,19185300,BEFREE,3

185,AGTR1,C0027051,Myocardial Infarction,C14,9298740,BEFREE,3

185,AGTR1,C0027051,Myocardial Infarction,C14,10739375,BEFREE,3

185,AGTR1,C0007785,Cerebral Infarction,C10;C14,20731660,BEFREE,3

185,AGTR1,C0027051,Myocardial Infarction,C14,20537563,BEFREE,3

185,AGTR1,C0027051,Myocardial Infarction,C14,16923768,LHGDN,3

185,AGTR1,C0027051,Myocardial Infarction,C14,17293603,LHGDN,3

185,AGTR1,C0007780,Cerebral Embolism,C10;C14,21986569,BEFREE,3

185,AGTR1,C0027051,Myocardial Infarction,C14,8842348,BEFREE,3

185,AGTR1,C0027051,Myocardial Infarction,C14,16998258,BEFREE,3"
